time,signal,actual,result,entry_price,pnl,balance
2026-05-07 02:00,DOWN,DOWN,WIN,0.49,52.04081632653062,1052.0408163265306
2026-05-07 02:15,DOWN,DOWN,WIN,0.435,64.94252873563218,1116.9833450621627
2026-05-07 02:30,DOWN,UP,LOSS,0.435,-50.0,1066.9833450621627
2026-05-07 02:45,DOWN,UP,LOSS,0.495,-50.0,1016.9833450621627
2026-05-07 03:00,DOWN,DOWN,WIN,0.525,45.23809523809524,1062.2214403002579
2026-05-07 03:15,DOWN,DOWN,WIN,0.495,51.01010101010101,1113.2315413103588
2026-05-07 03:30,DOWN,UP,LOSS,0.455,-50.0,1063.2315413103588
2026-05-07 03:45,DOWN,DOWN,WIN,0.475,55.26315789473685,1118.4946992050957
2026-05-07 04:00,DOWN,UP,LOSS,0.435,-50.0,1068.4946992050957
2026-05-07 04:15,DOWN,UP,LOSS,0.515,-50.0,1018.4946992050957
2026-05-07 04:45,DOWN,UP,LOSS,0.495,-50.0,968.4946992050957
2026-05-07 05:00,DOWN,UP,LOSS,0.5,-50.0,918.4946992050957
2026-05-07 05:15,DOWN,DOWN,WIN,0.565,38.49557522123895,956.9902744263346
2026-05-07 06:15,DOWN,UP,LOSS,0.445,-50.0,906.9902744263346
2026-05-07 06:45,UP,UP,WIN,0.425,67.64705882352942,974.637333249864
2026-05-07 07:00,UP,UP,WIN,0.415,70.48192771084338,1045.1192609607074
2026-05-07 07:15,UP,DOWN,LOSS,0.42,-50.0,995.1192609607074
2026-05-07 07:30,UP,UP,WIN,0.455,59.89010989010988,1055.0093708508173
2026-05-07 07:45,UP,DOWN,LOSS,0.465,-50.0,1005.0093708508173
2026-05-07 08:00,UP,UP,WIN,0.505,49.00990099009901,1054.0192718409162
2026-05-07 08:15,UP,DOWN,LOSS,0.515,-50.0,1004.0192718409162
2026-05-07 08:30,UP,DOWN,LOSS,0.535,-50.0,954.0192718409162
2026-05-07 10:15,DOWN,DOWN,WIN,0.415,70.48192771084338,1024.5011995517596
2026-05-07 10:30,DOWN,UP,LOSS,0.425,-50.0,974.5011995517596
2026-05-07 10:45,DOWN,DOWN,WIN,0.485,53.09278350515464,1027.593983056914
2026-05-07 11:00,DOWN,UP,LOSS,0.475,-50.0,977.5939830569141
2026-05-07 11:15,DOWN,DOWN,WIN,0.485,53.09278350515464,1030.6867665620687
2026-05-07 11:30,DOWN,UP,LOSS,0.485,-50.0,980.6867665620687
2026-05-07 11:45,DOWN,DOWN,WIN,0.465,57.5268817204301,1038.2136482824988
2026-05-07 12:00,DOWN,UP,LOSS,0.565,-50.0,988.2136482824988
2026-05-07 12:15,DOWN,DOWN,WIN,0.495,51.01010101010101,1039.2237492925997
2026-05-07 13:45,DOWN,UP,LOSS,0.425,-50.0,989.2237492925997
2026-05-07 14:00,DOWN,UP,LOSS,0.465,-50.0,939.2237492925997
2026-05-07 14:15,DOWN,DOWN,WIN,0.465,57.5268817204301,996.7506310130298
2026-05-07 14:30,DOWN,DOWN,WIN,0.45,61.111111111111114,1057.8617421241408
2026-05-07 14:45,DOWN,DOWN,WIN,0.455,59.89010989010988,1117.7518520142507
2026-05-07 15:00,DOWN,UP,LOSS,0.535,-50.0,1067.7518520142507
2026-05-07 15:15,DOWN,DOWN,WIN,0.465,57.5268817204301,1125.2787337346808
2026-05-07 15:30,DOWN,UP,LOSS,0.445,-50.0,1075.2787337346808
2026-05-07 15:45,DOWN,DOWN,WIN,0.475,55.26315789473685,1130.5418916294177
2026-05-07 16:00,DOWN,DOWN,WIN,0.445,62.35955056179775,1192.9014421912154
2026-05-07 16:15,DOWN,UP,LOSS,0.435,-50.0,1142.9014421912154
2026-05-07 16:30,DOWN,DOWN,WIN,0.485,53.09278350515464,1195.99422569637
2026-05-07 16:45,DOWN,DOWN,WIN,0.465,57.5268817204301,1253.5211074168
2026-05-07 17:00,DOWN,UP,LOSS,0.385,-50.0,1203.5211074168
2026-05-07 17:15,DOWN,DOWN,WIN,0.455,59.89010989010988,1263.41121730691
2026-05-07 17:30,DOWN,UP,LOSS,0.485,-50.0,1213.41121730691
2026-05-07 17:45,DOWN,UP,LOSS,0.495,-50.0,1163.41121730691
2026-05-07 18:00,DOWN,UP,LOSS,0.505,-50.0,1113.41121730691
2026-05-07 21:15,DOWN,UP,LOSS,0.455,-50.0,1063.41121730691
2026-05-07 21:30,DOWN,DOWN,WIN,0.435,64.94252873563218,1128.353746042542
2026-05-07 21:45,DOWN,DOWN,WIN,0.445,62.35955056179775,1190.7132966043398
2026-05-07 22:00,DOWN,UP,LOSS,0.495,-50.0,1140.7132966043398
2026-05-07 22:15,DOWN,UP,LOSS,0.495,-50.0,1090.7132966043398
2026-05-07 22:30,DOWN,DOWN,WIN,0.485,53.09278350515464,1143.8060801094944
2026-05-07 22:45,DOWN,UP,LOSS,0.49,-50.0,1093.8060801094944
2026-05-07 23:15,DOWN,DOWN,WIN,0.505,49.00990099009901,1142.8159810995933
2026-05-07 23:30,DOWN,UP,LOSS,0.515,-50.0,1092.8159810995933
2026-05-07 23:45,DOWN,UP,LOSS,0.545,-50.0,1042.8159810995933
2026-05-08 01:15,DOWN,UP,LOSS,0.435,-50.0,992.8159810995933
2026-05-08 01:45,DOWN,UP,LOSS,0.495,-50.0,942.8159810995933
2026-05-08 02:00,DOWN,UP,LOSS,0.475,-50.0,892.8159810995933
2026-05-08 02:15,DOWN,UP,LOSS,0.455,-50.0,842.8159810995933
2026-05-08 02:30,DOWN,UP,LOSS,0.435,-50.0,792.8159810995933
2026-05-08 02:45,DOWN,UP,LOSS,0.455,-50.0,742.8159810995933
2026-05-08 03:00,DOWN,UP,LOSS,0.485,-50.0,692.8159810995933
2026-05-08 03:15,DOWN,UP,LOSS,0.465,-50.0,642.8159810995933
2026-05-08 03:30,DOWN,UP,LOSS,0.525,-50.0,592.8159810995933
2026-05-08 03:45,DOWN,UP,LOSS,0.535,-50.0,542.8159810995933
2026-05-08 04:00,DOWN,UP,LOSS,0.485,-50.0,492.8159810995933
2026-05-08 04:15,DOWN,UP,LOSS,0.515,-50.0,442.8159810995933
2026-05-08 04:30,DOWN,UP,LOSS,0.505,-50.0,392.8159810995933
2026-05-08 13:45,DOWN,UP,LOSS,0.455,-50.0,342.8159810995933
2026-05-08 14:00,DOWN,UP,LOSS,0.465,-50.0,292.8159810995933
2026-05-08 14:15,DOWN,DOWN,WIN,0.485,53.09278350515464,345.90876460474794
2026-05-08 14:30,DOWN,UP,LOSS,0.465,-50.0,295.90876460474794
2026-05-08 15:15,DOWN,DOWN,WIN,0.495,51.01010101010101,346.918865614849
2026-05-08 15:30,DOWN,UP,LOSS,0.46,-50.0,296.918865614849
2026-05-08 15:45,DOWN,UP,LOSS,0.495,-50.0,246.91886561484898
2026-05-08 22:15,UP,DOWN,LOSS,0.445,-50.0,196.91886561484898
2026-05-08 22:30,UP,DOWN,LOSS,0.475,-50.0,146.91886561484898
2026-05-08 22:45,UP,DOWN,LOSS,0.495,-50.0,96.91886561484898
2026-05-09 01:15,UP,DOWN,LOSS,0.475,-50.0,46.91886561484898
2026-05-09 02:15,UP,DOWN,LOSS,0.455,-50.0,-3.0811343851510173
2026-05-09 02:30,UP,DOWN,LOSS,0.475,-50.0,-53.08113438515102
2026-05-09 02:45,UP,UP,WIN,0.535,43.457943925233636,-9.623190459917382
2026-05-09 03:00,UP,UP,WIN,0.515,47.08737864077669,37.46418818085931
2026-05-09 03:15,UP,DOWN,LOSS,0.5,-50.0,-12.53581181914069
2026-05-09 03:30,UP,DOWN,LOSS,0.395,-50.0,-62.53581181914069
2026-05-09 03:45,UP,UP,WIN,0.515,47.08737864077669,-15.448433178363999
2026-05-09 04:00,UP,UP,WIN,0.525,45.23809523809524,29.789662059731242
2026-05-09 04:15,UP,DOWN,LOSS,0.39,-50.0,-20.210337940268758
2026-05-09 04:30,UP,DOWN,LOSS,0.505,-50.0,-70.21033794026876
2026-05-09 04:45,UP,DOWN,LOSS,0.485,-50.0,-120.21033794026876
2026-05-09 05:30,UP,UP,WIN,0.42,69.04761904761905,-51.16271889264971
2026-05-09 06:45,DOWN,UP,LOSS,0.435,-50.0,-101.1627188926497
2026-05-09 07:00,DOWN,DOWN,WIN,0.455,59.89010989010988,-41.272609002539824
2026-05-09 07:15,DOWN,UP,LOSS,0.395,-50.0,-91.27260900253982
2026-05-09 07:30,DOWN,DOWN,WIN,0.495,51.01010101010101,-40.26250799243881
2026-05-09 07:45,DOWN,UP,LOSS,0.485,-50.0,-90.26250799243881
2026-05-09 08:00,DOWN,UP,LOSS,0.54,-50.0,-140.26250799243883
2026-05-09 09:30,DOWN,DOWN,WIN,0.445,62.35955056179775,-77.90295743064108
2026-05-09 09:45,DOWN,UP,LOSS,0.455,-50.0,-127.90295743064108
2026-05-09 10:00,DOWN,DOWN,WIN,0.445,62.35955056179775,-65.54340686884333
2026-05-09 13:00,UP,UP,WIN,0.49,52.04081632653062,-13.502590542312717
2026-05-09 13:15,UP,DOWN,LOSS,0.435,-50.0,-63.50259054231272
2026-05-09 13:30,UP,DOWN,LOSS,0.475,-50.0,-113.50259054231272
2026-05-09 13:45,UP,UP,WIN,0.505,49.00990099009901,-64.4926895522137
2026-05-09 14:00,UP,UP,WIN,0.495,51.01010101010101,-13.482588542112694
2026-05-09 14:15,UP,DOWN,LOSS,0.455,-50.0,-63.482588542112694
2026-05-09 14:30,UP,UP,WIN,0.535,43.457943925233636,-20.02464461687906
2026-05-09 15:30,UP,UP,WIN,0.475,55.26315789473685,35.23851327785779
2026-05-09 15:45,UP,UP,WIN,0.485,53.09278350515464,88.33129678301243
2026-05-09 16:00,UP,UP,WIN,0.395,76.58227848101265,164.9135752640251
2026-05-09 16:15,UP,UP,WIN,0.375,83.33333333333334,248.24690859735844
2026-05-09 16:30,UP,UP,WIN,0.455,59.89010989010988,308.1370184874683
2026-05-09 16:45,UP,UP,WIN,0.475,55.26315789473685,363.40017638220513
2026-05-09 17:00,UP,UP,WIN,0.455,59.89010989010988,423.29028627231503
2026-05-09 17:15,UP,UP,WIN,0.445,62.35955056179775,485.64983683411276
2026-05-09 17:30,UP,DOWN,LOSS,0.455,-50.0,435.64983683411276
2026-05-09 17:45,UP,UP,WIN,0.455,59.89010989010988,495.53994672422266
2026-05-09 18:00,UP,DOWN,LOSS,0.495,-50.0,445.53994672422266
2026-05-09 18:15,UP,UP,WIN,0.465,57.5268817204301,503.06682844465274
2026-05-09 18:30,UP,DOWN,LOSS,0.455,-50.0,453.06682844465274
2026-05-09 18:45,UP,UP,WIN,0.445,62.35955056179775,515.4263790064505
2026-05-09 19:00,UP,DOWN,LOSS,0.465,-50.0,465.4263790064505
2026-05-09 19:15,UP,DOWN,LOSS,0.485,-50.0,415.4263790064505
2026-05-09 19:30,UP,UP,WIN,0.515,47.08737864077669,462.5137576472272
2026-05-09 19:45,UP,UP,WIN,0.49,52.04081632653062,514.5545739737578
2026-05-09 20:00,UP,DOWN,LOSS,0.455,-50.0,464.5545739737578
2026-05-09 20:15,UP,DOWN,LOSS,0.435,-50.0,414.5545739737578
2026-05-09 20:30,UP,DOWN,LOSS,0.515,-50.0,364.5545739737578
2026-05-10 03:15,UP,DOWN,LOSS,0.395,-50.0,314.5545739737578
2026-05-10 03:45,UP,DOWN,LOSS,0.485,-50.0,264.5545739737578
2026-05-10 04:00,UP,DOWN,LOSS,0.475,-50.0,214.55457397375778
2026-05-10 04:15,UP,UP,WIN,0.375,83.33333333333334,297.88790730709115
2026-05-10 04:30,UP,DOWN,LOSS,0.485,-50.0,247.88790730709115
2026-05-10 04:45,UP,DOWN,LOSS,0.495,-50.0,197.88790730709115
2026-05-10 05:00,UP,UP,WIN,0.445,62.35955056179775,260.2474578688889
2026-05-10 05:15,UP,UP,WIN,0.495,51.01010101010101,311.2575588789899
2026-05-10 05:30,UP,DOWN,LOSS,0.485,-50.0,261.2575588789899
2026-05-10 05:45,UP,DOWN,LOSS,0.535,-50.0,211.25755887898993
2026-05-10 08:30,UP,DOWN,LOSS,0.4,-50.0,161.25755887898993
2026-05-10 09:00,UP,DOWN,LOSS,0.505,-50.0,111.25755887898993
2026-05-10 09:15,UP,DOWN,LOSS,0.475,-50.0,61.257558878989926
2026-05-10 09:30,UP,DOWN,LOSS,0.475,-50.0,11.257558878989926
2026-05-10 10:00,UP,DOWN,LOSS,0.475,-50.0,-38.742441121010074
2026-05-10 11:00,UP,UP,WIN,0.475,55.26315789473685,16.520716773726775
2026-05-10 11:15,UP,DOWN,LOSS,0.455,-50.0,-33.479283226273225
2026-05-10 12:45,UP,DOWN,LOSS,0.465,-50.0,-83.47928322627322
2026-05-10 13:00,UP,UP,WIN,0.505,49.00990099009901,-34.46938223617421
2026-05-10 13:15,UP,UP,WIN,0.455,59.89010989010988,25.42072765393567
2026-05-10 13:30,UP,UP,WIN,0.57,37.71929824561404,63.14002589954971
2026-05-10 13:45,UP,DOWN,LOSS,0.475,-50.0,13.140025899549713
2026-05-10 14:00,UP,DOWN,LOSS,0.475,-50.0,-36.85997410045029
2026-05-10 14:15,UP,DOWN,LOSS,0.505,-50.0,-86.85997410045029
2026-05-10 15:00,UP,UP,WIN,0.485,53.09278350515464,-33.767190595295645
2026-05-10 15:15,UP,DOWN,LOSS,0.39,-50.0,-83.76719059529565
2026-05-10 15:30,UP,UP,WIN,0.575,36.95652173913044,-46.81066885616521
2026-05-10 15:45,UP,UP,WIN,0.505,49.00990099009901,2.199232133933805
2026-05-10 16:00,UP,DOWN,LOSS,0.405,-50.0,-47.800767866066195
2026-05-10 16:15,UP,DOWN,LOSS,0.425,-50.0,-97.8007678660662
2026-05-10 16:30,UP,DOWN,LOSS,0.565,-50.0,-147.8007678660662
2026-05-10 16:45,UP,UP,WIN,0.5,50.0,-97.8007678660662
2026-05-10 17:00,UP,DOWN,LOSS,0.505,-50.0,-147.8007678660662
2026-05-10 17:15,UP,UP,WIN,0.495,51.01010101010101,-96.79066685596518
2026-05-10 17:30,UP,DOWN,LOSS,0.495,-50.0,-146.79066685596518
2026-05-10 17:45,UP,UP,WIN,0.505,49.00990099009901,-97.78076586586617
2026-05-10 18:00,UP,DOWN,LOSS,0.365,-50.0,-147.78076586586616
2026-05-10 18:15,UP,DOWN,LOSS,0.465,-50.0,-197.78076586586616
2026-05-10 18:30,UP,DOWN,LOSS,0.535,-50.0,-247.78076586586616
2026-05-10 18:45,UP,DOWN,LOSS,0.525,-50.0,-297.78076586586616
2026-05-10 19:00,UP,UP,WIN,0.495,51.01010101010101,-246.77066485576515
2026-05-10 19:15,UP,UP,WIN,0.455,59.89010989010988,-186.88055496565528
2026-05-10 20:00,UP,DOWN,LOSS,0.465,-50.0,-236.88055496565528
2026-05-10 20:45,DOWN,UP,LOSS,0.475,-50.0,-286.8805549656553
2026-05-10 21:15,DOWN,UP,LOSS,0.395,-50.0,-336.8805549656553
2026-05-10 22:45,UP,UP,WIN,0.415,70.48192771084338,-266.3986272548119
2026-05-10 23:00,UP,UP,WIN,0.445,62.35955056179775,-204.03907669301418
2026-05-10 23:15,UP,DOWN,LOSS,0.425,-50.0,-254.03907669301418
2026-05-10 23:30,UP,UP,WIN,0.585,35.47008547008548,-218.5689912229287
2026-05-10 23:45,UP,DOWN,LOSS,0.495,-50.0,-268.56899122292873
2026-05-11 00:00,UP,DOWN,LOSS,0.515,-50.0,-318.56899122292873
2026-05-11 00:15,UP,DOWN,LOSS,0.545,-50.0,-368.56899122292873
2026-05-11 00:30,UP,DOWN,LOSS,0.525,-50.0,-418.56899122292873
2026-05-11 00:45,UP,DOWN,LOSS,0.565,-50.0,-468.56899122292873
2026-05-11 01:00,UP,UP,WIN,0.635,28.740157480314963,-439.82883374261377
2026-05-11 01:15,UP,UP,WIN,0.505,49.00990099009901,-390.81893275251474
2026-05-11 01:30,UP,DOWN,LOSS,0.495,-50.0,-440.81893275251474
2026-05-11 03:15,DOWN,DOWN,WIN,0.405,73.45679012345678,-367.362142629058
2026-05-11 03:30,DOWN,UP,LOSS,0.425,-50.0,-417.362142629058
2026-05-11 03:45,DOWN,DOWN,WIN,0.465,57.5268817204301,-359.8352609086279
2026-05-11 04:00,DOWN,UP,LOSS,0.475,-50.0,-409.8352609086279
2026-05-11 04:15,DOWN,DOWN,WIN,0.425,67.64705882352942,-342.1882020850985
2026-05-11 04:30,DOWN,UP,LOSS,0.485,-50.0,-392.1882020850985
2026-05-11 04:45,DOWN,DOWN,WIN,0.475,55.26315789473685,-336.92504419036163
2026-05-11 05:00,DOWN,UP,LOSS,0.515,-50.0,-386.92504419036163
2026-05-11 05:15,DOWN,UP,LOSS,0.58,-50.0,-436.92504419036163
2026-05-11 05:45,DOWN,UP,LOSS,0.605,-50.0,-486.92504419036163
2026-05-11 06:00,DOWN,UP,LOSS,0.505,-50.0,-536.9250441903616
2026-05-11 08:30,DOWN,UP,LOSS,0.545,-50.0,-586.9250441903616
2026-05-11 09:00,DOWN,UP,LOSS,0.505,-50.0,-636.9250441903616
2026-05-11 10:15,UP,UP,WIN,0.435,64.94252873563218,-571.9825154547294
2026-05-11 10:30,UP,DOWN,LOSS,0.435,-50.0,-621.9825154547294
2026-05-11 10:45,UP,DOWN,LOSS,0.455,-50.0,-671.9825154547294
2026-05-11 11:00,UP,DOWN,LOSS,0.525,-50.0,-721.9825154547294
2026-05-11 11:15,UP,UP,WIN,0.495,51.01010101010101,-670.9724144446284
2026-05-11 11:30,UP,UP,WIN,0.505,49.00990099009901,-621.9625134545294
2026-05-11 11:45,UP,UP,WIN,0.445,62.35955056179775,-559.6029628927316
2026-05-11 12:00,UP,DOWN,LOSS,0.475,-50.0,-609.6029628927316
2026-05-11 12:15,UP,UP,WIN,0.545,41.74311926605503,-567.8598436266766
2026-05-11 12:30,UP,DOWN,LOSS,0.455,-50.0,-617.8598436266766
2026-05-11 12:45,UP,DOWN,LOSS,0.505,-50.0,-667.8598436266766
2026-05-11 13:00,UP,UP,WIN,0.545,41.74311926605503,-626.1167243606216
2026-05-11 13:15,UP,DOWN,LOSS,0.475,-50.0,-676.1167243606216
2026-05-11 13:30,UP,DOWN,LOSS,0.495,-50.0,-726.1167243606216
2026-05-11 14:45,DOWN,UP,LOSS,0.495,-50.0,-776.1167243606216
2026-05-11 15:00,DOWN,UP,LOSS,0.505,-50.0,-826.1167243606216
2026-05-11 16:15,UP,UP,WIN,0.475,55.26315789473685,-770.8535664658847
2026-05-11 16:30,UP,DOWN,LOSS,0.465,-50.0,-820.8535664658847
2026-05-11 16:45,UP,DOWN,LOSS,0.475,-50.0,-870.8535664658847
2026-05-11 17:00,UP,UP,WIN,0.495,51.01010101010101,-819.8434654557836
2026-05-11 17:15,UP,UP,WIN,0.525,45.23809523809524,-774.6053702176885
2026-05-11 17:30,UP,UP,WIN,0.495,51.01010101010101,-723.5952692075874
2026-05-11 17:45,UP,DOWN,LOSS,0.445,-50.0,-773.5952692075874
2026-05-11 18:00,UP,UP,WIN,0.455,59.89010989010988,-713.7051593174775
2026-05-11 18:15,UP,UP,WIN,0.525,45.23809523809524,-668.4670640793822
2026-05-11 18:30,UP,DOWN,LOSS,0.455,-50.0,-718.4670640793822
2026-05-11 18:45,UP,DOWN,LOSS,0.475,-50.0,-768.4670640793822
2026-05-11 19:00,UP,UP,WIN,0.525,45.23809523809524,-723.228968841287
2026-05-11 19:15,UP,DOWN,LOSS,0.505,-50.0,-773.228968841287
2026-05-11 19:30,UP,UP,WIN,0.475,55.26315789473685,-717.9658109465502
2026-05-11 19:45,UP,UP,WIN,0.485,53.09278350515464,-664.8730274413955
2026-05-11 20:00,UP,DOWN,LOSS,0.505,-50.0,-714.8730274413955
2026-05-11 20:15,UP,DOWN,LOSS,0.485,-50.0,-764.8730274413955
2026-05-11 20:30,UP,DOWN,LOSS,0.505,-50.0,-814.8730274413955
2026-05-11 20:45,UP,UP,WIN,0.535,43.457943925233636,-771.4150835161619
2026-05-11 21:00,UP,DOWN,LOSS,0.525,-50.0,-821.4150835161619
2026-05-12 01:45,DOWN,UP,LOSS,0.435,-50.0,-871.4150835161619
2026-05-12 02:45,DOWN,UP,LOSS,0.395,-50.0,-921.4150835161619
2026-05-12 03:30,DOWN,DOWN,WIN,0.475,55.26315789473685,-866.151925621425
2026-05-12 03:45,DOWN,DOWN,WIN,0.495,51.01010101010101,-815.141824611324
2026-05-12 04:00,DOWN,UP,LOSS,0.535,-50.0,-865.141824611324
2026-05-12 04:15,DOWN,UP,LOSS,0.425,-50.0,-915.141824611324
2026-05-12 06:30,DOWN,DOWN,WIN,0.505,49.00990099009901,-866.1319236212249
2026-05-12 06:45,DOWN,DOWN,WIN,0.445,62.35955056179775,-803.7723730594272
2026-05-12 07:00,DOWN,DOWN,WIN,0.505,49.00990099009901,-754.7624720693282
2026-05-12 07:15,DOWN,UP,LOSS,0.785,-50.0,-804.7624720693282
2026-05-12 07:45,DOWN,DOWN,WIN,0.445,62.35955056179775,-742.4029215075304
2026-05-12 08:00,DOWN,DOWN,WIN,0.435,64.94252873563218,-677.4603927718982
2026-05-12 08:15,DOWN,UP,LOSS,0.455,-50.0,-727.4603927718982
2026-05-12 08:30,DOWN,UP,LOSS,0.495,-50.0,-777.4603927718982
2026-05-12 08:45,DOWN,DOWN,WIN,0.495,51.01010101010101,-726.4502917617972
2026-05-12 09:00,DOWN,DOWN,WIN,0.525,45.23809523809524,-681.212196523702
2026-05-12 09:15,DOWN,UP,LOSS,0.455,-50.0,-731.212196523702
2026-05-12 09:30,DOWN,UP,LOSS,0.435,-50.0,-781.212196523702
2026-05-12 09:45,DOWN,DOWN,WIN,0.485,53.09278350515464,-728.1194130185473
2026-05-12 10:00,DOWN,DOWN,WIN,0.485,53.09278350515464,-675.0266295133927
2026-05-12 10:15,DOWN,DOWN,WIN,0.475,55.26315789473685,-619.7634716186558
2026-05-12 10:30,DOWN,DOWN,WIN,0.455,59.89010989010988,-559.8733617285459
2026-05-12 10:45,DOWN,DOWN,WIN,0.455,59.89010989010988,-499.983251838436
2026-05-12 11:00,DOWN,DOWN,WIN,0.37,85.13513513513513,-414.8481167033009
2026-05-12 11:15,DOWN,UP,LOSS,0.495,-50.0,-464.8481167033009
2026-05-12 11:30,DOWN,UP,LOSS,0.485,-50.0,-514.8481167033009
2026-05-12 12:15,DOWN,DOWN,WIN,0.525,45.23809523809524,-469.61002146520565
2026-05-12 12:30,DOWN,UP,LOSS,0.43,-50.0,-519.6100214652056
2026-05-12 13:15,DOWN,DOWN,WIN,0.83,10.24096385542169,-509.3690576097839
2026-05-12 13:30,DOWN,UP,LOSS,0.515,-50.0,-559.3690576097839
2026-05-12 14:00,DOWN,UP,LOSS,0.465,-50.0,-609.3690576097839
2026-05-12 15:30,DOWN,UP,LOSS,0.405,-50.0,-659.3690576097839
2026-05-12 15:45,DOWN,DOWN,WIN,0.465,57.5268817204301,-601.8421758893538
2026-05-12 16:00,DOWN,DOWN,WIN,0.485,53.09278350515464,-548.7493923841992
2026-05-12 16:15,DOWN,UP,LOSS,0.485,-50.0,-598.7493923841992
2026-05-12 16:30,DOWN,DOWN,WIN,0.485,53.09278350515464,-545.6566088790445
2026-05-12 16:45,DOWN,DOWN,WIN,0.405,73.45679012345678,-472.19981875558767
2026-05-12 17:00,DOWN,UP,LOSS,0.495,-50.0,-522.1998187555877
2026-05-12 17:15,DOWN,UP,LOSS,0.455,-50.0,-572.1998187555877
2026-05-12 17:45,DOWN,UP,LOSS,0.525,-50.0,-622.1998187555877
2026-05-12 18:15,DOWN,DOWN,WIN,0.445,62.35955056179775,-559.8402681937899
2026-05-12 23:45,DOWN,UP,LOSS,0.495,-50.0,-609.8402681937899
2026-05-13 00:00,DOWN,DOWN,WIN,0.445,62.35955056179775,-547.4807176319922
2026-05-13 00:15,DOWN,UP,LOSS,0.435,-50.0,-597.4807176319922
2026-05-13 01:30,UP,UP,WIN,0.435,64.94252873563218,-532.53818889636
2026-05-13 01:45,UP,DOWN,LOSS,0.455,-50.0,-582.53818889636
2026-05-13 02:00,UP,UP,WIN,0.505,49.00990099009901,-533.528287906261
2026-05-13 02:15,UP,UP,WIN,0.435,64.94252873563218,-468.58575917062876
2026-05-13 02:30,UP,DOWN,LOSS,0.52,-50.0,-518.5857591706288
2026-05-13 02:45,UP,DOWN,LOSS,0.485,-50.0,-568.5857591706288
2026-05-13 03:00,UP,DOWN,LOSS,0.495,-50.0,-618.5857591706288
2026-05-13 03:15,UP,UP,WIN,0.505,49.00990099009901,-569.5758581805297
2026-05-13 03:30,UP,UP,WIN,0.495,51.01010101010101,-518.5657571704287
2026-05-13 03:45,UP,UP,WIN,0.405,73.45679012345678,-445.1089670469719
2026-05-13 04:00,UP,DOWN,LOSS,0.435,-50.0,-495.1089670469719
2026-05-13 04:15,UP,UP,WIN,0.525,45.23809523809524,-449.87087180887664
2026-05-13 04:30,UP,DOWN,LOSS,0.525,-50.0,-499.87087180887664
2026-05-13 04:45,UP,UP,WIN,0.495,51.01010101010101,-448.86077079877566
2026-05-13 05:00,UP,DOWN,LOSS,0.515,-50.0,-498.86077079877566
2026-05-13 05:30,UP,DOWN,LOSS,0.505,-50.0,-548.8607707987757
2026-05-13 09:15,UP,DOWN,LOSS,0.435,-50.0,-598.8607707987757
2026-05-13 09:30,UP,UP,WIN,0.585,35.47008547008548,-563.3906853286902
2026-05-13 09:45,UP,UP,WIN,0.485,53.09278350515464,-510.29790182353554
2026-05-13 10:00,UP,DOWN,LOSS,0.485,-50.0,-560.2979018235355
2026-05-13 10:45,DOWN,DOWN,WIN,0.405,73.45679012345678,-486.8411117000787
2026-05-13 11:15,DOWN,UP,LOSS,0.395,-50.0,-536.8411117000787
2026-05-13 11:30,DOWN,UP,LOSS,0.435,-50.0,-586.8411117000787
2026-05-13 11:45,DOWN,DOWN,WIN,0.495,51.01010101010101,-535.8310106899777
2026-05-13 12:00,DOWN,UP,LOSS,0.425,-50.0,-585.8310106899777
2026-05-13 12:15,DOWN,DOWN,WIN,0.455,59.89010989010988,-525.9409007998678
2026-05-13 12:30,DOWN,UP,LOSS,0.465,-50.0,-575.9409007998678
2026-05-13 12:45,DOWN,UP,LOSS,0.455,-50.0,-625.9409007998678
2026-05-13 13:00,DOWN,UP,LOSS,0.505,-50.0,-675.9409007998678
2026-05-13 13:15,DOWN,DOWN,WIN,0.535,43.457943925233636,-632.4829568746342
2026-05-13 13:30,DOWN,DOWN,WIN,0.435,64.94252873563218,-567.540428139002
2026-05-13 13:45,DOWN,DOWN,WIN,0.535,43.457943925233636,-524.0824842137683
2026-05-13 14:00,DOWN,UP,LOSS,0.465,-50.0,-574.0824842137683
2026-05-13 14:15,DOWN,UP,LOSS,0.435,-50.0,-624.0824842137683
2026-05-13 14:30,DOWN,DOWN,WIN,0.495,51.01010101010101,-573.0723832036673
2026-05-13 14:45,DOWN,UP,LOSS,0.425,-50.0,-623.0723832036673
2026-05-13 15:00,DOWN,DOWN,WIN,0.405,73.45679012345678,-549.6155930802105
2026-05-13 15:15,DOWN,DOWN,WIN,0.435,64.94252873563218,-484.6730643445783
2026-05-13 15:30,DOWN,DOWN,WIN,0.445,62.35955056179775,-422.31351378278055
2026-05-13 15:45,DOWN,DOWN,WIN,0.45,61.111111111111114,-361.20240267166946
2026-05-13 16:00,DOWN,DOWN,WIN,0.445,62.35955056179775,-298.8428521098717
2026-05-13 16:15,DOWN,UP,LOSS,0.445,-50.0,-348.8428521098717
2026-05-13 16:30,DOWN,UP,LOSS,0.495,-50.0,-398.8428521098717
2026-05-13 16:45,DOWN,UP,LOSS,0.505,-50.0,-448.8428521098717
2026-05-13 17:00,DOWN,UP,LOSS,0.375,-50.0,-498.8428521098717
2026-05-13 17:15,DOWN,UP,LOSS,0.495,-50.0,-548.8428521098717
2026-05-13 17:30,DOWN,UP,LOSS,0.535,-50.0,-598.8428521098717
2026-05-13 17:45,DOWN,UP,LOSS,0.445,-50.0,-648.8428521098717
2026-05-13 18:00,DOWN,UP,LOSS,0.555,-50.0,-698.8428521098717
2026-05-13 21:45,DOWN,DOWN,WIN,0.465,57.5268817204301,-641.3159703894416
2026-05-13 22:00,DOWN,DOWN,WIN,0.405,73.45679012345678,-567.8591802659848
2026-05-13 22:15,DOWN,DOWN,WIN,0.485,53.09278350515464,-514.7663967608302
2026-05-13 22:30,DOWN,UP,LOSS,0.495,-50.0,-564.7663967608302
2026-05-13 23:15,DOWN,UP,LOSS,0.515,-50.0,-614.7663967608302
2026-05-13 23:30,DOWN,DOWN,WIN,0.415,70.48192771084338,-544.2844690499868
2026-05-13 23:45,DOWN,UP,LOSS,0.475,-50.0,-594.2844690499868
2026-05-14 00:00,DOWN,UP,LOSS,0.465,-50.0,-644.2844690499868
2026-05-14 00:15,DOWN,DOWN,WIN,0.46,58.69565217391303,-585.5888168760738
2026-05-14 00:30,DOWN,UP,LOSS,0.435,-50.0,-635.5888168760738
2026-05-14 03:45,DOWN,DOWN,WIN,0.435,64.94252873563218,-570.6462881404416
2026-05-14 04:00,DOWN,UP,LOSS,0.435,-50.0,-620.6462881404416
2026-05-14 04:15,DOWN,UP,LOSS,0.495,-50.0,-670.6462881404416
2026-05-14 04:30,DOWN,UP,LOSS,0.505,-50.0,-720.6462881404416
2026-05-14 04:45,DOWN,UP,LOSS,0.525,-50.0,-770.6462881404416
2026-05-14 05:00,DOWN,DOWN,WIN,0.61,31.967213114754102,-738.6790750256874
2026-05-14 10:45,DOWN,UP,LOSS,0.435,-50.0,-788.6790750256874
2026-05-14 11:00,DOWN,DOWN,WIN,0.505,49.00990099009901,-739.6691740355884
2026-05-14 11:15,DOWN,DOWN,WIN,0.545,41.74311926605503,-697.9260547695334
2026-05-14 11:30,DOWN,DOWN,WIN,0.465,57.5268817204301,-640.3991730491033
2026-05-14 11:45,DOWN,DOWN,WIN,0.465,57.5268817204301,-582.8722913286732
2026-05-14 12:00,DOWN,UP,LOSS,0.495,-50.0,-632.8722913286732
2026-05-14 12:15,DOWN,UP,LOSS,0.405,-50.0,-682.8722913286732
2026-05-14 12:30,DOWN,UP,LOSS,0.525,-50.0,-732.8722913286732
2026-05-14 14:30,UP,UP,WIN,0.475,55.26315789473685,-677.6091334339363
2026-05-14 14:45,UP,UP,WIN,0.435,64.94252873563218,-612.6666046983041
2026-05-14 15:00,UP,DOWN,LOSS,0.465,-50.0,-662.6666046983041
2026-05-14 15:15,UP,UP,WIN,0.405,73.45679012345678,-589.2098145748473
2026-05-14 15:30,UP,DOWN,LOSS,0.435,-50.0,-639.2098145748473
2026-05-14 15:45,UP,UP,WIN,0.425,67.64705882352942,-571.5627557513179
2026-05-14 16:00,UP,UP,WIN,0.455,59.89010989010988,-511.672645861208
2026-05-14 16:15,UP,UP,WIN,0.435,64.94252873563218,-446.7301171255758
2026-05-14 16:30,UP,DOWN,LOSS,0.465,-50.0,-496.7301171255758
2026-05-14 16:45,UP,UP,WIN,0.455,59.89010989010988,-436.8400072354659
2026-05-14 17:00,UP,DOWN,LOSS,0.42,-50.0,-486.8400072354659
2026-05-14 17:15,UP,DOWN,LOSS,0.455,-50.0,-536.8400072354659
2026-05-14 17:30,UP,UP,WIN,0.465,57.5268817204301,-479.31312551503584
2026-05-14 17:45,UP,DOWN,LOSS,0.495,-50.0,-529.3131255150358
2026-05-14 18:00,UP,UP,WIN,0.5,50.0,-479.31312551503584
2026-05-14 18:15,UP,UP,WIN,0.445,62.35955056179775,-416.9535749532381
2026-05-14 18:30,UP,DOWN,LOSS,0.435,-50.0,-466.9535749532381
2026-05-14 18:45,UP,UP,WIN,0.495,51.01010101010101,-415.94347394313706
2026-05-14 19:00,UP,DOWN,LOSS,0.505,-50.0,-465.94347394313706
2026-05-14 19:15,UP,DOWN,LOSS,0.445,-50.0,-515.9434739431371
2026-05-15 01:00,UP,UP,WIN,0.495,51.01010101010101,-464.933372933036
2026-05-15 05:45,DOWN,DOWN,WIN,0.465,57.5268817204301,-407.40649121260594
2026-05-15 06:00,DOWN,UP,LOSS,0.435,-50.0,-457.40649121260594
2026-05-15 06:15,DOWN,UP,LOSS,0.485,-50.0,-507.40649121260594
2026-05-15 06:30,DOWN,UP,LOSS,0.495,-50.0,-557.4064912126059
2026-05-15 06:45,DOWN,UP,LOSS,0.475,-50.0,-607.4064912126059
2026-05-15 07:00,DOWN,UP,LOSS,0.475,-50.0,-657.4064912126059
2026-05-15 08:30,DOWN,UP,LOSS,0.595,-50.0,-707.4064912126059
2026-05-15 10:00,DOWN,UP,LOSS,0.485,-50.0,-757.4064912126059
2026-05-15 10:45,DOWN,UP,LOSS,0.495,-50.0,-807.4064912126059
2026-05-15 12:15,DOWN,UP,LOSS,0.555,-50.0,-857.4064912126059
2026-05-15 12:30,DOWN,DOWN,WIN,0.495,51.01010101010101,-806.3963902025049
2026-05-15 12:45,DOWN,DOWN,WIN,0.535,43.457943925233636,-762.9384462772713
2026-05-15 13:00,DOWN,DOWN,WIN,0.635,28.740157480314963,-734.1982887969564
2026-05-15 13:15,DOWN,DOWN,WIN,0.515,47.08737864077669,-687.1109101561797
2026-05-15 13:30,DOWN,DOWN,WIN,0.655,26.33587786259541,-660.7750322935842
2026-05-15 13:45,DOWN,DOWN,WIN,0.29,122.41379310344828,-538.361239190136
2026-05-15 14:00,DOWN,UP,LOSS,0.525,-50.0,-588.361239190136
2026-05-15 14:15,DOWN,DOWN,WIN,0.545,41.74311926605503,-546.6181199240809
2026-05-15 14:30,DOWN,UP,LOSS,0.38,-50.0,-596.6181199240809
2026-05-15 14:45,DOWN,UP,LOSS,0.645,-50.0,-646.6181199240809
2026-05-15 15:00,DOWN,UP,LOSS,0.415,-50.0,-696.6181199240809
2026-05-15 15:15,DOWN,DOWN,WIN,0.485,53.09278350515464,-643.5253364189263
2026-05-15 15:30,DOWN,DOWN,WIN,0.415,70.48192771084338,-573.0434087080829
2026-05-15 15:45,DOWN,UP,LOSS,0.635,-50.0,-623.0434087080829
2026-05-15 16:00,DOWN,UP,LOSS,0.465,-50.0,-673.0434087080829
2026-05-15 16:15,DOWN,UP,LOSS,0.535,-50.0,-723.0434087080829
2026-05-15 16:30,DOWN,DOWN,WIN,0.405,73.45679012345678,-649.5866185846261
2026-05-15 16:45,DOWN,UP,LOSS,0.505,-50.0,-699.5866185846261
2026-05-15 17:00,DOWN,UP,LOSS,0.505,-50.0,-749.5866185846261
2026-05-15 20:00,DOWN,DOWN,WIN,0.44,63.63636363636364,-685.9502549482625
2026-05-15 20:15,DOWN,UP,LOSS,0.505,-50.0,-735.9502549482625
2026-05-15 20:30,DOWN,DOWN,WIN,0.445,62.35955056179775,-673.5907043864647
2026-05-15 20:45,DOWN,UP,LOSS,0.495,-50.0,-723.5907043864647
2026-05-15 21:00,DOWN,UP,LOSS,0.475,-50.0,-773.5907043864647
2026-05-15 21:15,DOWN,DOWN,WIN,0.475,55.26315789473685,-718.3275464917278
2026-05-15 21:30,DOWN,DOWN,WIN,0.495,51.01010101010101,-667.3174454816268
2026-05-15 21:45,DOWN,DOWN,WIN,0.475,55.26315789473685,-612.0542875868899
2026-05-15 22:00,DOWN,UP,LOSS,0.425,-50.0,-662.0542875868899
2026-05-15 22:15,DOWN,UP,LOSS,0.485,-50.0,-712.0542875868899
2026-05-15 22:30,DOWN,UP,LOSS,0.505,-50.0,-762.0542875868899
2026-05-15 23:30,DOWN,DOWN,WIN,0.505,49.00990099009901,-713.0443865967909
2026-05-16 00:00,DOWN,UP,LOSS,0.495,-50.0,-763.0443865967909
2026-05-16 03:45,DOWN,DOWN,WIN,0.495,51.01010101010101,-712.0342855866899
2026-05-16 04:00,DOWN,UP,LOSS,0.495,-50.0,-762.0342855866899
2026-05-16 04:15,DOWN,DOWN,WIN,0.495,51.01010101010101,-711.0241845765888
2026-05-16 04:30,DOWN,DOWN,WIN,0.455,59.89010989010988,-651.1340746864789
2026-05-16 04:45,DOWN,UP,LOSS,0.455,-50.0,-701.1340746864789
2026-05-16 05:30,DOWN,UP,LOSS,0.485,-50.0,-751.1340746864789
2026-05-16 05:45,DOWN,UP,LOSS,0.455,-50.0,-801.1340746864789
2026-05-16 06:00,DOWN,DOWN,WIN,0.455,59.89010989010988,-741.243964796369
2026-05-16 06:15,DOWN,DOWN,WIN,0.405,73.45679012345678,-667.7871746729122
2026-05-16 06:30,DOWN,DOWN,WIN,0.415,70.48192771084338,-597.3052469620688
2026-05-16 06:45,DOWN,DOWN,WIN,0.355,90.84507042253523,-506.4601765395336
2026-05-16 07:00,DOWN,DOWN,WIN,0.415,70.48192771084338,-435.97824882869025
2026-05-16 07:15,DOWN,UP,LOSS,0.365,-50.0,-485.97824882869025
2026-05-16 07:30,DOWN,UP,LOSS,0.465,-50.0,-535.9782488286903
2026-05-16 07:45,DOWN,DOWN,WIN,0.485,53.09278350515464,-482.88546532353564
2026-05-16 08:00,DOWN,DOWN,WIN,0.455,59.89010989010988,-422.99535543342574
2026-05-16 08:15,DOWN,UP,LOSS,0.495,-50.0,-472.99535543342574
2026-05-16 08:30,DOWN,DOWN,WIN,0.455,59.89010989010988,-413.10524554331585
2026-05-16 08:45,DOWN,UP,LOSS,0.495,-50.0,-463.10524554331585
2026-05-16 09:00,DOWN,DOWN,WIN,0.485,53.09278350515464,-410.0124620381612
2026-05-16 09:15,DOWN,DOWN,WIN,0.455,59.89010989010988,-350.1223521480513
2026-05-16 09:30,DOWN,UP,LOSS,0.405,-50.0,-400.1223521480513
2026-05-16 09:45,DOWN,DOWN,WIN,0.475,55.26315789473685,-344.8591942533144
2026-05-16 10:00,DOWN,DOWN,WIN,0.455,59.89010989010988,-284.9690843632045
2026-05-16 10:15,DOWN,DOWN,WIN,0.395,76.58227848101265,-208.38680588219185
2026-05-16 10:30,DOWN,UP,LOSS,0.405,-50.0,-258.3868058821919
2026-05-16 10:45,DOWN,UP,LOSS,0.485,-50.0,-308.3868058821919
2026-05-16 11:00,DOWN,UP,LOSS,0.285,-50.0,-358.3868058821919
2026-05-16 11:15,DOWN,UP,LOSS,0.515,-50.0,-408.3868058821919
2026-05-16 11:30,DOWN,UP,LOSS,0.545,-50.0,-458.3868058821919
2026-05-16 11:45,DOWN,DOWN,WIN,0.58,36.20689655172414,-422.17990933046775
2026-05-16 12:00,DOWN,DOWN,WIN,0.5,50.0,-372.17990933046775
2026-05-16 12:15,DOWN,DOWN,WIN,0.485,53.09278350515464,-319.08712582531314
2026-05-16 12:30,DOWN,UP,LOSS,0.465,-50.0,-369.08712582531314
2026-05-16 12:45,DOWN,DOWN,WIN,0.505,49.00990099009901,-320.0772248352141
2026-05-16 13:15,DOWN,UP,LOSS,0.415,-50.0,-370.0772248352141
2026-05-16 13:30,DOWN,DOWN,WIN,0.485,53.09278350515464,-316.98444133005944
2026-05-16 23:00,DOWN,UP,LOSS,0.445,-50.0,-366.98444133005944
2026-05-16 23:15,DOWN,UP,LOSS,0.395,-50.0,-416.98444133005944
2026-05-16 23:45,DOWN,DOWN,WIN,0.415,70.48192771084338,-346.5025136192161
2026-05-17 00:00,DOWN,UP,LOSS,0.375,-50.0,-396.5025136192161
2026-05-17 00:30,DOWN,DOWN,WIN,0.495,51.01010101010101,-345.49241260911504
2026-05-17 00:45,DOWN,DOWN,WIN,0.425,67.64705882352942,-277.84535378558564
2026-05-17 01:00,DOWN,UP,LOSS,0.355,-50.0,-327.84535378558564
2026-05-17 01:15,DOWN,DOWN,WIN,0.495,51.01010101010101,-276.8352527754846
2026-05-17 01:30,DOWN,DOWN,WIN,0.465,57.5268817204301,-219.30837105505452
2026-05-17 01:45,DOWN,DOWN,WIN,0.395,76.58227848101265,-142.72609257404187
2026-05-17 02:00,DOWN,UP,LOSS,0.425,-50.0,-192.72609257404187
2026-05-17 02:15,DOWN,UP,LOSS,0.485,-50.0,-242.72609257404187
2026-05-17 02:30,DOWN,UP,LOSS,0.495,-50.0,-292.7260925740419
2026-05-17 02:45,DOWN,DOWN,WIN,0.535,43.457943925233636,-249.26814864880828
2026-05-17 03:00,DOWN,UP,LOSS,0.585,-50.0,-299.2681486488083
2026-05-17 03:15,DOWN,UP,LOSS,0.515,-50.0,-349.2681486488083
2026-05-17 03:30,DOWN,UP,LOSS,0.525,-50.0,-399.2681486488083
2026-05-17 03:45,DOWN,DOWN,WIN,0.585,35.47008547008548,-363.7980631787228
2026-05-17 04:00,DOWN,UP,LOSS,0.525,-50.0,-413.7980631787228
2026-05-17 14:00,DOWN,DOWN,WIN,0.465,57.5268817204301,-356.27118145829274
2026-05-17 14:15,DOWN,UP,LOSS,0.425,-50.0,-406.27118145829274
2026-05-17 14:30,DOWN,DOWN,WIN,0.385,79.87012987012986,-326.4010515881629
2026-05-17 14:45,DOWN,DOWN,WIN,0.355,90.84507042253523,-235.55598116562766
2026-05-17 15:00,DOWN,UP,LOSS,0.495,-50.0,-285.55598116562766
2026-05-17 15:15,DOWN,DOWN,WIN,0.555,40.09009009009009,-245.46589107553757
2026-05-17 15:30,DOWN,UP,LOSS,0.425,-50.0,-295.46589107553757
2026-05-17 15:45,DOWN,UP,LOSS,0.495,-50.0,-345.46589107553757
2026-05-17 16:00,DOWN,DOWN,WIN,0.435,64.94252873563218,-280.52336233990536
2026-05-17 16:15,DOWN,UP,LOSS,0.505,-50.0,-330.52336233990536
2026-05-17 16:30,DOWN,UP,LOSS,0.535,-50.0,-380.52336233990536
2026-05-17 17:00,DOWN,DOWN,WIN,0.405,73.45679012345678,-307.06657221644855
2026-05-17 17:15,DOWN,UP,LOSS,0.445,-50.0,-357.06657221644855
2026-05-17 17:30,DOWN,UP,LOSS,0.475,-50.0,-407.06657221644855
2026-05-17 22:45,DOWN,DOWN,WIN,0.475,55.26315789473685,-351.80341432171167
2026-05-17 23:00,DOWN,DOWN,WIN,0.475,55.26315789473685,-296.5402564269748
2026-05-17 23:15,DOWN,UP,LOSS,0.425,-50.0,-346.5402564269748
2026-05-17 23:30,DOWN,DOWN,WIN,0.525,45.23809523809524,-301.30216118887955
2026-05-17 23:45,DOWN,UP,LOSS,0.455,-50.0,-351.30216118887955
2026-05-18 00:00,DOWN,DOWN,WIN,0.495,51.01010101010101,-300.29206017877857
2026-05-18 00:15,DOWN,DOWN,WIN,0.475,55.26315789473685,-245.02890228404172
2026-05-18 00:30,DOWN,DOWN,WIN,0.57,37.71929824561404,-207.30960403842766
2026-05-18 00:45,DOWN,UP,LOSS,0.465,-50.0,-257.30960403842766
2026-05-18 01:00,DOWN,DOWN,WIN,0.535,43.457943925233636,-213.85166011319404
2026-05-18 01:15,DOWN,DOWN,WIN,0.525,45.23809523809524,-168.6135648750988
2026-05-18 01:30,DOWN,DOWN,WIN,0.46,58.69565217391303,-109.91791270118577
2026-05-18 01:45,DOWN,UP,LOSS,0.445,-50.0,-159.91791270118577
2026-05-18 02:00,DOWN,UP,LOSS,0.475,-50.0,-209.91791270118577
2026-05-18 02:15,DOWN,DOWN,WIN,0.495,51.01010101010101,-158.90781169108476
2026-05-18 02:30,DOWN,DOWN,WIN,0.555,40.09009009009009,-118.81772160099467
2026-05-18 02:45,DOWN,UP,LOSS,0.455,-50.0,-168.81772160099467
2026-05-18 03:00,DOWN,DOWN,WIN,0.445,62.35955056179775,-106.45817103919693
2026-05-18 03:15,DOWN,DOWN,WIN,0.465,57.5268817204301,-48.93128931876683
2026-05-18 03:30,DOWN,UP,LOSS,0.475,-50.0,-98.93128931876683
2026-05-18 03:45,DOWN,DOWN,WIN,0.515,47.08737864077669,-51.84391067799014
2026-05-18 04:30,DOWN,UP,LOSS,0.545,-50.0,-101.84391067799014
2026-05-18 05:45,DOWN,UP,LOSS,0.445,-50.0,-151.84391067799015
2026-05-18 06:30,DOWN,UP,LOSS,0.445,-50.0,-201.84391067799015
2026-05-18 10:15,DOWN,UP,LOSS,0.445,-50.0,-251.84391067799015
2026-05-18 10:30,DOWN,UP,LOSS,0.465,-50.0,-301.84391067799015
2026-05-18 11:00,DOWN,UP,LOSS,0.405,-50.0,-351.84391067799015
2026-05-18 11:15,DOWN,UP,LOSS,0.465,-50.0,-401.84391067799015
2026-05-18 11:30,DOWN,UP,LOSS,0.485,-50.0,-451.84391067799015
2026-05-18 14:45,DOWN,UP,LOSS,0.465,-50.0,-501.84391067799015
2026-05-18 15:00,DOWN,DOWN,WIN,0.43,66.27906976744187,-435.5648409105483
2026-05-18 15:15,DOWN,DOWN,WIN,0.455,59.89010989010988,-375.6747310204384
2026-05-18 15:30,DOWN,UP,LOSS,0.445,-50.0,-425.6747310204384
2026-05-18 15:45,DOWN,DOWN,WIN,0.485,53.09278350515464,-372.5819475152838
2026-05-18 16:00,DOWN,UP,LOSS,0.495,-50.0,-422.5819475152838
2026-05-18 16:15,DOWN,DOWN,WIN,0.505,49.00990099009901,-373.57204652518476
2026-05-18 16:30,DOWN,UP,LOSS,0.495,-50.0,-423.57204652518476
2026-05-18 16:45,DOWN,DOWN,WIN,0.495,51.01010101010101,-372.5619455150837
2026-05-18 17:00,DOWN,UP,LOSS,0.485,-50.0,-422.5619455150837
2026-05-18 17:15,DOWN,UP,LOSS,0.495,-50.0,-472.5619455150837
2026-05-18 17:30,DOWN,UP,LOSS,0.525,-50.0,-522.5619455150837
2026-05-19 01:45,DOWN,DOWN,WIN,0.475,55.26315789473685,-467.29878762034684
2026-05-19 02:00,DOWN,UP,LOSS,0.495,-50.0,-517.2987876203468
2026-05-19 02:15,DOWN,UP,LOSS,0.495,-50.0,-567.2987876203468
2026-05-19 02:30,DOWN,DOWN,WIN,0.515,47.08737864077669,-520.2114089795701
2026-05-19 02:45,DOWN,DOWN,WIN,0.515,47.08737864077669,-473.12403033879343
2026-05-19 03:00,DOWN,UP,LOSS,0.465,-50.0,-523.1240303387934
2026-05-19 03:15,DOWN,UP,LOSS,0.565,-50.0,-573.1240303387934
2026-05-19 03:30,DOWN,UP,LOSS,0.495,-50.0,-623.1240303387934
2026-05-19 03:45,DOWN,DOWN,WIN,0.495,51.01010101010101,-572.1139293286924
2026-05-19 04:00,DOWN,UP,LOSS,0.485,-50.0,-622.1139293286924
2026-05-19 04:15,DOWN,DOWN,WIN,0.475,55.26315789473685,-566.8507714339555
2026-05-19 04:30,DOWN,UP,LOSS,0.465,-50.0,-616.8507714339555
2026-05-19 09:45,DOWN,UP,LOSS,0.485,-50.0,-666.8507714339555
2026-05-19 10:00,DOWN,DOWN,WIN,0.535,43.457943925233636,-623.3928275087219
2026-05-19 10:15,DOWN,UP,LOSS,0.475,-50.0,-673.3928275087219
2026-05-19 10:30,DOWN,DOWN,WIN,0.475,55.26315789473685,-618.129669613985
2026-05-19 10:45,DOWN,UP,LOSS,0.475,-50.0,-668.129669613985
2026-05-19 11:15,DOWN,DOWN,WIN,0.505,49.00990099009901,-619.119768623886
2026-05-19 11:30,DOWN,DOWN,WIN,0.475,55.26315789473685,-563.8566107291491
2026-05-19 11:45,DOWN,DOWN,WIN,0.375,83.33333333333334,-480.52327739581574
2026-05-19 12:00,DOWN,UP,LOSS,0.475,-50.0,-530.5232773958157
2026-05-19 12:15,DOWN,UP,LOSS,0.495,-50.0,-580.5232773958157
2026-05-19 12:30,DOWN,UP,LOSS,0.525,-50.0,-630.5232773958157
2026-05-19 13:30,DOWN,UP,LOSS,0.43,-50.0,-680.5232773958157
2026-05-19 14:15,DOWN,DOWN,WIN,0.505,49.00990099009901,-631.5133764057167
2026-05-19 14:30,DOWN,DOWN,WIN,0.405,73.45679012345678,-558.0565862822599
2026-05-19 14:45,DOWN,UP,LOSS,0.485,-50.0,-608.0565862822599
2026-05-19 15:00,DOWN,UP,LOSS,0.465,-50.0,-658.0565862822599
2026-05-19 15:45,DOWN,UP,LOSS,0.485,-50.0,-708.0565862822599
2026-05-19 16:00,DOWN,DOWN,WIN,0.475,55.26315789473685,-652.793428387523
2026-05-19 16:15,DOWN,UP,LOSS,0.495,-50.0,-702.793428387523
2026-05-19 16:30,DOWN,UP,LOSS,0.515,-50.0,-752.793428387523
2026-05-19 22:45,DOWN,DOWN,WIN,0.495,51.01010101010101,-701.783327377422
2026-05-19 23:00,DOWN,UP,LOSS,0.535,-50.0,-751.783327377422
2026-05-20 00:00,DOWN,DOWN,WIN,0.505,49.00990099009901,-702.773426387323
2026-05-20 00:15,DOWN,UP,LOSS,0.405,-50.0,-752.773426387323
2026-05-20 00:30,DOWN,DOWN,WIN,0.465,57.5268817204301,-695.2465446668929
2026-05-20 00:45,DOWN,UP,LOSS,0.455,-50.0,-745.2465446668929
2026-05-20 01:00,DOWN,UP,LOSS,0.525,-50.0,-795.2465446668929
2026-05-20 01:15,DOWN,DOWN,WIN,0.545,41.74311926605503,-753.5034254008378
2026-05-20 01:30,DOWN,DOWN,WIN,0.425,67.64705882352942,-685.8563665773084
2026-05-20 01:45,DOWN,UP,LOSS,0.465,-50.0,-735.8563665773084
2026-05-20 02:45,DOWN,UP,LOSS,0.475,-50.0,-785.8563665773084
2026-05-20 03:00,DOWN,DOWN,WIN,0.465,57.5268817204301,-728.3294848568784
2026-05-20 03:15,DOWN,UP,LOSS,0.415,-50.0,-778.3294848568784
2026-05-20 05:15,UP,UP,WIN,0.455,59.89010989010988,-718.4393749667685
2026-05-20 05:30,UP,DOWN,LOSS,0.545,-50.0,-768.4393749667685
2026-05-20 05:45,UP,UP,WIN,0.475,55.26315789473685,-713.1762170720316
2026-05-20 06:00,UP,UP,WIN,0.505,49.00990099009901,-664.1663160819326
2026-05-20 06:15,UP,UP,WIN,0.455,59.89010989010988,-604.2762061918227
2026-05-20 06:30,UP,UP,WIN,0.45,61.111111111111114,-543.1650950807116
2026-05-20 06:45,UP,UP,WIN,0.445,62.35955056179775,-480.80554451891385
2026-05-20 07:00,UP,DOWN,LOSS,0.445,-50.0,-530.8055445189138
2026-05-20 07:15,UP,UP,WIN,0.435,64.94252873563218,-465.86301578328164
2026-05-20 07:30,UP,DOWN,LOSS,0.475,-50.0,-515.8630157832816
2026-05-20 07:45,UP,DOWN,LOSS,0.485,-50.0,-565.8630157832816
2026-05-20 08:00,UP,DOWN,LOSS,0.505,-50.0,-615.8630157832816
2026-05-20 08:15,UP,UP,WIN,0.505,49.00990099009901,-566.8531147931826
2026-05-20 08:30,UP,UP,WIN,0.545,41.74311926605503,-525.1099955271276
2026-05-20 08:45,UP,DOWN,LOSS,0.465,-50.0,-575.1099955271276
2026-05-20 09:00,UP,DOWN,LOSS,0.495,-50.0,-625.1099955271276
2026-05-20 09:15,UP,UP,WIN,0.495,51.01010101010101,-574.0998945170265
2026-05-20 09:30,UP,DOWN,LOSS,0.495,-50.0,-624.0998945170265
2026-05-20 09:45,UP,UP,WIN,0.465,57.5268817204301,-566.5730127965965
2026-05-20 10:00,UP,UP,WIN,0.505,49.00990099009901,-517.5631118064974
2026-05-20 10:15,UP,UP,WIN,0.435,64.94252873563218,-452.6205830708652
2026-05-20 10:30,UP,DOWN,LOSS,0.475,-50.0,-502.6205830708652
2026-05-20 10:45,UP,DOWN,LOSS,0.505,-50.0,-552.6205830708652
2026-05-20 11:00,UP,DOWN,LOSS,0.505,-50.0,-602.6205830708652
2026-05-20 11:15,UP,DOWN,LOSS,0.545,-50.0,-652.6205830708652
2026-05-20 11:30,UP,DOWN,LOSS,0.545,-50.0,-702.6205830708652
2026-05-20 11:45,UP,DOWN,LOSS,0.565,-50.0,-752.6205830708652
2026-05-20 12:30,UP,UP,WIN,0.465,57.5268817204301,-695.0937013504351
2026-05-20 12:45,UP,UP,WIN,0.475,55.26315789473685,-639.8305434556983
2026-05-20 13:00,UP,DOWN,LOSS,0.44,-50.0,-689.8305434556983
2026-05-20 13:45,DOWN,UP,LOSS,0.385,-50.0,-739.8305434556983
2026-05-20 15:15,UP,DOWN,LOSS,0.555,-50.0,-789.8305434556983
2026-05-20 15:30,UP,DOWN,LOSS,0.495,-50.0,-839.8305434556983
2026-05-20 16:30,DOWN,UP,LOSS,0.45,-50.0,-889.8305434556983
2026-05-20 17:45,UP,DOWN,LOSS,0.515,-50.0,-939.8305434556983
2026-05-20 19:45,UP,DOWN,LOSS,0.465,-50.0,-989.8305434556983
2026-05-20 20:00,UP,UP,WIN,0.425,67.64705882352942,-922.1834846321689
2026-05-20 20:15,UP,DOWN,LOSS,0.465,-50.0,-972.1834846321689
2026-05-20 20:30,UP,DOWN,LOSS,0.495,-50.0,-1022.1834846321689
2026-05-20 20:45,UP,UP,WIN,0.465,57.5268817204301,-964.6566029117388
2026-05-20 21:00,UP,UP,WIN,0.435,64.94252873563218,-899.7140741761066
2026-05-20 21:45,UP,DOWN,LOSS,0.505,-50.0,-949.7140741761066
2026-05-21 01:00,UP,UP,WIN,0.45,61.111111111111114,-888.6029630649955
2026-05-21 01:15,UP,DOWN,LOSS,0.455,-50.0,-938.6029630649955
2026-05-21 01:30,UP,UP,WIN,0.385,79.87012987012986,-858.7328331948656
2026-05-21 01:45,UP,DOWN,LOSS,0.505,-50.0,-908.7328331948656
2026-05-21 02:00,UP,UP,WIN,0.485,53.09278350515464,-855.640049689711
2026-05-21 02:15,UP,UP,WIN,0.485,53.09278350515464,-802.5472661845563
2026-05-21 02:30,UP,DOWN,LOSS,0.505,-50.0,-852.5472661845563
2026-05-21 02:45,UP,DOWN,LOSS,0.435,-50.0,-902.5472661845563
2026-05-21 03:00,UP,DOWN,LOSS,0.465,-50.0,-952.5472661845563
2026-05-21 03:15,UP,UP,WIN,0.495,51.01010101010101,-901.5371651744553
2026-05-21 03:30,UP,UP,WIN,0.465,57.5268817204301,-844.0102834540252
2026-05-21 03:45,UP,UP,WIN,0.495,51.01010101010101,-793.0001824439241
2026-05-21 04:00,UP,DOWN,LOSS,0.435,-50.0,-843.0001824439241
2026-05-21 04:15,UP,UP,WIN,0.495,51.01010101010101,-791.9900814338231
2026-05-21 05:00,UP,DOWN,LOSS,0.485,-50.0,-841.9900814338231
2026-05-21 08:15,UP,DOWN,LOSS,0.425,-50.0,-891.9900814338231
2026-05-21 09:30,UP,DOWN,LOSS,0.415,-50.0,-941.9900814338231
2026-05-21 10:30,DOWN,UP,LOSS,0.4,-50.0,-991.9900814338231
2026-05-21 10:45,DOWN,DOWN,WIN,0.445,62.35955056179775,-929.6305308720254
2026-05-21 11:00,DOWN,UP,LOSS,0.395,-50.0,-979.6305308720254
2026-05-21 11:15,DOWN,UP,LOSS,0.475,-50.0,-1029.6305308720252
2026-05-21 11:30,DOWN,DOWN,WIN,0.495,51.01010101010101,-978.6204298619242
2026-05-21 11:45,DOWN,DOWN,WIN,0.495,51.01010101010101,-927.6103288518232
2026-05-21 12:00,DOWN,DOWN,WIN,0.425,67.64705882352942,-859.9632700282938
2026-05-21 12:15,DOWN,DOWN,WIN,0.43,66.27906976744187,-793.6842002608519
2026-05-21 12:30,DOWN,UP,LOSS,0.435,-50.0,-843.6842002608519
2026-05-21 12:45,DOWN,DOWN,WIN,0.485,53.09278350515464,-790.5914167556972
2026-05-21 13:00,DOWN,DOWN,WIN,0.505,49.00990099009901,-741.5815157655982
2026-05-21 13:15,DOWN,UP,LOSS,0.535,-50.0,-791.5815157655982
2026-05-21 13:30,DOWN,DOWN,WIN,0.465,57.5268817204301,-734.0546340451681
2026-05-21 13:45,DOWN,UP,LOSS,0.435,-50.0,-784.0546340451681
2026-05-21 14:15,DOWN,UP,LOSS,0.475,-50.0,-834.0546340451681
2026-05-21 14:45,DOWN,DOWN,WIN,0.475,55.26315789473685,-778.7914761504312
2026-05-21 15:00,DOWN,UP,LOSS,0.475,-50.0,-828.7914761504312
2026-05-21 17:15,UP,UP,WIN,0.475,55.26315789473685,-773.5283182556943
2026-05-21 17:30,UP,DOWN,LOSS,0.435,-50.0,-823.5283182556943
2026-05-21 17:45,UP,UP,WIN,0.49,52.04081632653062,-771.4875019291637
2026-05-21 18:00,UP,DOWN,LOSS,0.485,-50.0,-821.4875019291637
2026-05-21 18:15,UP,UP,WIN,0.525,45.23809523809524,-776.2494066910685
2026-05-21 18:30,UP,DOWN,LOSS,0.505,-50.0,-826.2494066910685
2026-05-21 18:45,UP,DOWN,LOSS,0.485,-50.0,-876.2494066910685
2026-05-21 19:15,UP,UP,WIN,0.505,49.00990099009901,-827.2395057009695
2026-05-21 19:30,UP,UP,WIN,0.505,49.00990099009901,-778.2296047108705
2026-05-21 19:45,UP,UP,WIN,0.475,55.26315789473685,-722.9664468161336
2026-05-21 20:00,UP,DOWN,LOSS,0.495,-50.0,-772.9664468161336
2026-05-21 20:15,UP,UP,WIN,0.445,62.35955056179775,-710.6068962543359
2026-05-21 20:30,UP,DOWN,LOSS,0.485,-50.0,-760.6068962543359
2026-05-21 22:30,UP,DOWN,LOSS,0.495,-50.0,-810.6068962543359
2026-05-21 22:45,UP,DOWN,LOSS,0.555,-50.0,-860.6068962543359
2026-05-22 00:15,DOWN,UP,LOSS,0.415,-50.0,-910.6068962543359
2026-05-22 00:45,DOWN,DOWN,WIN,0.495,51.01010101010101,-859.5967952442348
2026-05-22 01:00,DOWN,UP,LOSS,0.46,-50.0,-909.5967952442348
2026-05-22 03:30,UP,UP,WIN,0.435,64.94252873563218,-844.6542665086026
2026-05-22 03:45,UP,UP,WIN,0.455,59.89010989010988,-784.7641566184927
2026-05-22 04:00,UP,UP,WIN,0.495,51.01010101010101,-733.7540556083917
2026-05-22 04:15,UP,DOWN,LOSS,0.435,-50.0,-783.7540556083917
2026-05-22 04:30,UP,DOWN,LOSS,0.505,-50.0,-833.7540556083917
2026-05-22 04:45,UP,DOWN,LOSS,0.535,-50.0,-883.7540556083917
2026-05-22 05:00,UP,UP,WIN,0.445,62.35955056179775,-821.394505046594
2026-05-22 05:15,UP,DOWN,LOSS,0.485,-50.0,-871.394505046594
2026-05-22 06:00,DOWN,UP,LOSS,0.525,-50.0,-921.394505046594
2026-05-22 06:15,DOWN,DOWN,WIN,0.465,57.5268817204301,-863.8676233261639
2026-05-22 06:30,DOWN,UP,LOSS,0.435,-50.0,-913.8676233261639
2026-05-22 06:45,DOWN,DOWN,WIN,0.475,55.26315789473685,-858.604465431427
2026-05-22 07:00,DOWN,UP,LOSS,0.465,-50.0,-908.604465431427
2026-05-22 07:15,DOWN,UP,LOSS,0.455,-50.0,-958.604465431427
2026-05-22 07:45,DOWN,UP,LOSS,0.465,-50.0,-1008.604465431427
2026-05-22 08:00,DOWN,UP,LOSS,0.445,-50.0,-1058.604465431427
2026-05-22 08:15,DOWN,DOWN,WIN,0.425,67.64705882352942,-990.9574066078975
2026-05-22 08:30,DOWN,DOWN,WIN,0.495,51.01010101010101,-939.9473055977965
2026-05-22 08:45,DOWN,DOWN,WIN,0.485,53.09278350515464,-886.8545220926418
2026-05-22 09:00,DOWN,DOWN,WIN,0.455,59.89010989010988,-826.9644122025319
2026-05-22 09:15,DOWN,UP,LOSS,0.425,-50.0,-876.9644122025319
2026-05-22 09:30,DOWN,UP,LOSS,0.495,-50.0,-926.9644122025319
2026-05-22 09:45,DOWN,DOWN,WIN,0.495,51.01010101010101,-875.9543111924309
2026-05-22 10:00,DOWN,DOWN,WIN,0.495,51.01010101010101,-824.9442101823298
2026-05-22 10:15,DOWN,UP,LOSS,0.53,-50.0,-874.9442101823298
2026-05-22 10:45,DOWN,DOWN,WIN,0.485,53.09278350515464,-821.8514266771751
2026-05-22 11:00,DOWN,DOWN,WIN,0.415,70.48192771084338,-751.3694989663318
2026-05-22 11:15,DOWN,UP,LOSS,0.405,-50.0,-801.3694989663318
2026-05-22 11:30,DOWN,UP,LOSS,0.465,-50.0,-851.3694989663318
2026-05-22 11:45,DOWN,UP,LOSS,0.505,-50.0,-901.3694989663318
2026-05-22 12:00,DOWN,UP,LOSS,0.535,-50.0,-951.3694989663318
2026-05-22 13:00,UP,UP,WIN,0.505,49.00990099009901,-902.3595979762327
2026-05-22 13:15,UP,DOWN,LOSS,0.48,-50.0,-952.3595979762327
2026-05-22 14:00,DOWN,DOWN,WIN,0.635,28.740157480314963,-923.6194404959178
2026-05-22 14:15,DOWN,DOWN,WIN,0.465,57.5268817204301,-866.0925587754878
2026-05-22 14:30,DOWN,UP,LOSS,0.435,-50.0,-916.0925587754878
2026-05-22 14:45,DOWN,DOWN,WIN,0.435,64.94252873563218,-851.1500300398556
2026-05-22 15:00,DOWN,UP,LOSS,0.455,-50.0,-901.1500300398556
2026-05-22 15:15,DOWN,UP,LOSS,0.435,-50.0,-951.1500300398556
2026-05-22 15:30,DOWN,DOWN,WIN,0.475,55.26315789473685,-895.8868721451187
2026-05-22 15:45,DOWN,UP,LOSS,0.505,-50.0,-945.8868721451187
2026-05-22 16:00,DOWN,DOWN,WIN,0.475,55.26315789473685,-890.6237142503818
2026-05-22 16:15,DOWN,UP,LOSS,0.505,-50.0,-940.6237142503818
2026-05-22 16:30,DOWN,DOWN,WIN,0.535,43.457943925233636,-897.1657703251482
2026-05-22 16:45,DOWN,UP,LOSS,0.485,-50.0,-947.1657703251482
2026-05-22 17:00,DOWN,DOWN,WIN,0.495,51.01010101010101,-896.1556693150471
2026-05-22 17:15,DOWN,UP,LOSS,0.465,-50.0,-946.1556693150471
2026-05-22 17:30,DOWN,DOWN,WIN,0.455,59.89010989010988,-886.2655594249372
2026-05-22 18:45,DOWN,UP,LOSS,0.615,-50.0,-936.2655594249372
2026-05-22 19:00,DOWN,DOWN,WIN,0.475,55.26315789473685,-881.0024015302004
2026-05-22 19:15,DOWN,DOWN,WIN,0.445,62.35955056179775,-818.6428509684026
2026-05-22 19:30,DOWN,UP,LOSS,0.46,-50.0,-868.6428509684026
2026-05-22 19:45,DOWN,UP,LOSS,0.475,-50.0,-918.6428509684026
2026-05-22 20:00,DOWN,UP,LOSS,0.435,-50.0,-968.6428509684026
2026-05-22 20:15,DOWN,DOWN,WIN,0.495,51.01010101010101,-917.6327499583016
2026-05-22 20:30,DOWN,DOWN,WIN,0.565,38.49557522123895,-879.1371747370627
2026-05-22 20:45,DOWN,UP,LOSS,0.455,-50.0,-929.1371747370627
2026-05-22 21:00,DOWN,DOWN,WIN,0.515,47.08737864077669,-882.049796096286
2026-05-22 21:15,DOWN,UP,LOSS,0.545,-50.0,-932.049796096286
2026-05-22 21:30,DOWN,UP,LOSS,0.505,-50.0,-982.049796096286
2026-05-22 21:45,DOWN,DOWN,WIN,0.425,67.64705882352942,-914.4027372727566
2026-05-22 22:00,DOWN,DOWN,WIN,0.505,49.00990099009901,-865.3928362826575
2026-05-22 22:15,DOWN,DOWN,WIN,0.505,49.00990099009901,-816.3829352925585
2026-05-22 22:30,DOWN,DOWN,WIN,0.41,71.95121951219512,-744.4317157803633
2026-05-22 22:45,DOWN,UP,LOSS,0.435,-50.0,-794.4317157803633
2026-05-22 23:30,DOWN,DOWN,WIN,0.515,47.08737864077669,-747.3443371395866
2026-05-22 23:45,DOWN,DOWN,WIN,0.575,36.95652173913044,-710.3878154004562
2026-05-23 00:00,DOWN,DOWN,WIN,0.385,79.87012987012986,-630.5176855303264
2026-05-23 00:15,DOWN,DOWN,WIN,0.415,70.48192771084338,-560.035757819483
2026-05-23 00:30,DOWN,DOWN,WIN,0.435,64.94252873563218,-495.0932290838508
2026-05-23 00:45,DOWN,UP,LOSS,0.415,-50.0,-545.0932290838508
2026-05-23 01:00,DOWN,DOWN,WIN,0.385,79.87012987012986,-465.22309921372096
2026-05-23 01:15,DOWN,UP,LOSS,0.475,-50.0,-515.223099213721
2026-05-23 01:30,DOWN,DOWN,WIN,0.515,47.08737864077669,-468.13572057294425
2026-05-23 01:45,DOWN,UP,LOSS,0.58,-50.0,-518.1357205729443
2026-05-23 02:00,DOWN,UP,LOSS,0.495,-50.0,-568.1357205729443
2026-05-23 02:15,DOWN,DOWN,WIN,0.495,51.01010101010101,-517.1256195628432
2026-05-23 02:30,DOWN,UP,LOSS,0.425,-50.0,-567.1256195628432
2026-05-23 02:45,DOWN,UP,LOSS,0.495,-50.0,-617.1256195628432
2026-05-23 03:00,DOWN,UP,LOSS,0.595,-50.0,-667.1256195628432
2026-05-23 06:30,DOWN,DOWN,WIN,0.465,57.5268817204301,-609.5987378424131
2026-05-23 06:45,DOWN,UP,LOSS,0.455,-50.0,-659.5987378424131
2026-05-23 07:00,DOWN,DOWN,WIN,0.355,90.84507042253523,-568.753667419878
2026-05-23 07:15,DOWN,DOWN,WIN,0.475,55.26315789473685,-513.4905095251411
2026-05-23 07:30,DOWN,UP,LOSS,0.38,-50.0,-563.4905095251411
2026-05-23 07:45,DOWN,DOWN,WIN,0.465,57.5268817204301,-505.963627804711
2026-05-23 08:00,DOWN,UP,LOSS,0.405,-50.0,-555.963627804711
2026-05-23 08:15,DOWN,DOWN,WIN,0.425,67.64705882352942,-488.3165689811816
2026-05-23 08:30,DOWN,DOWN,WIN,0.395,76.58227848101265,-411.734290500169
2026-05-23 08:45,DOWN,UP,LOSS,0.445,-50.0,-461.734290500169
2026-05-23 09:00,DOWN,UP,LOSS,0.505,-50.0,-511.734290500169
2026-05-23 09:15,DOWN,UP,LOSS,0.455,-50.0,-561.734290500169
2026-05-23 09:30,DOWN,UP,LOSS,0.485,-50.0,-611.734290500169
2026-05-23 09:45,DOWN,DOWN,WIN,0.495,51.01010101010101,-560.7241894900679
2026-05-23 10:00,DOWN,UP,LOSS,0.445,-50.0,-610.7241894900679
2026-05-23 10:15,DOWN,DOWN,WIN,0.495,51.01010101010101,-559.7140884799669
2026-05-23 10:30,DOWN,UP,LOSS,0.595,-50.0,-609.7140884799669
2026-05-23 10:45,DOWN,DOWN,WIN,0.525,45.23809523809524,-564.4759932418717
2026-05-23 11:00,DOWN,UP,LOSS,0.495,-50.0,-614.4759932418717
2026-05-23 11:15,DOWN,UP,LOSS,0.455,-50.0,-664.4759932418717
2026-05-23 20:45,UP,UP,WIN,0.46,58.69565217391303,-605.7803410679587
2026-05-23 21:00,UP,DOWN,LOSS,0.455,-50.0,-655.7803410679587
2026-05-23 21:15,UP,DOWN,LOSS,0.495,-50.0,-705.7803410679587
2026-05-23 21:30,UP,UP,WIN,0.455,59.89010989010988,-645.8902311778488
2026-05-23 21:45,UP,UP,WIN,0.595,34.03361344537815,-611.8566177324707
2026-05-23 22:00,UP,DOWN,LOSS,0.535,-50.0,-661.8566177324707
2026-05-23 22:15,UP,DOWN,LOSS,0.505,-50.0,-711.8566177324707
2026-05-23 22:30,UP,UP,WIN,0.525,45.23809523809524,-666.6185224943754
2026-05-23 22:45,UP,UP,WIN,0.515,47.08737864077669,-619.5311438535987
2026-05-23 23:00,UP,UP,WIN,0.48,54.16666666666667,-565.364477186932
2026-05-23 23:15,UP,DOWN,LOSS,0.465,-50.0,-615.364477186932
2026-05-23 23:30,UP,UP,WIN,0.495,51.01010101010101,-564.354376176831
2026-05-23 23:45,UP,UP,WIN,0.475,55.26315789473685,-509.09121828209413
2026-05-24 00:00,UP,DOWN,LOSS,0.455,-50.0,-559.0912182820941
2026-05-24 01:00,UP,DOWN,LOSS,0.445,-50.0,-609.0912182820941
2026-05-24 01:45,UP,UP,WIN,0.485,53.09278350515464,-555.9984347769395
2026-05-24 02:00,UP,UP,WIN,0.505,49.00990099009901,-506.98853378684043
2026-05-24 02:15,UP,DOWN,LOSS,0.425,-50.0,-556.9885337868404
2026-05-24 02:30,UP,UP,WIN,0.575,36.95652173913044,-520.0320120477099
2026-05-24 02:45,UP,UP,WIN,0.495,51.01010101010101,-469.0219110376089
2026-05-24 03:00,UP,UP,WIN,0.465,57.5268817204301,-411.4950293171788
2026-05-24 03:15,UP,UP,WIN,0.445,62.35955056179775,-349.1354787553811
2026-05-24 03:30,UP,DOWN,LOSS,0.465,-50.0,-399.1354787553811
2026-05-24 04:00,UP,UP,WIN,0.595,34.03361344537815,-365.10186531000295
2026-05-24 06:00,UP,DOWN,LOSS,0.455,-50.0,-415.10186531000295
2026-05-24 07:00,UP,DOWN,LOSS,0.455,-50.0,-465.10186531000295
2026-05-24 07:15,UP,DOWN,LOSS,0.485,-50.0,-515.101865310003
2026-05-24 09:15,UP,UP,WIN,0.455,59.89010989010988,-455.21175541989305
2026-05-24 09:30,UP,UP,WIN,0.415,70.48192771084338,-384.7298277090497
2026-05-24 09:45,UP,DOWN,LOSS,0.445,-50.0,-434.7298277090497
2026-05-24 10:00,UP,UP,WIN,0.425,67.64705882352942,-367.0827688855203
2026-05-24 10:15,UP,UP,WIN,0.495,51.01010101010101,-316.07266787541926
2026-05-24 10:30,UP,UP,WIN,0.375,83.33333333333334,-232.7393345420859
2026-05-24 10:45,UP,UP,WIN,0.465,57.5268817204301,-175.2124528216558
2026-05-24 11:00,UP,UP,WIN,0.465,57.5268817204301,-117.6855711012257
2026-05-24 11:15,UP,UP,WIN,0.465,57.5268817204301,-60.15868938079561
2026-05-24 11:30,UP,DOWN,LOSS,0.465,-50.0,-110.15868938079561
2026-05-24 11:45,UP,UP,WIN,0.505,49.00990099009901,-61.148788390696595
2026-05-24 12:00,UP,DOWN,LOSS,0.495,-50.0,-111.1487883906966
2026-05-24 12:15,UP,DOWN,LOSS,0.495,-50.0,-161.1487883906966
2026-05-24 12:30,UP,DOWN,LOSS,0.535,-50.0,-211.1487883906966
2026-05-24 12:45,UP,DOWN,LOSS,0.515,-50.0,-261.1487883906966
2026-05-24 13:00,UP,DOWN,LOSS,0.495,-50.0,-311.1487883906966
2026-05-24 13:15,UP,DOWN,LOSS,0.565,-50.0,-361.1487883906966
2026-05-24 14:30,DOWN,UP,LOSS,0.485,-50.0,-411.1487883906966
2026-05-24 14:45,DOWN,DOWN,WIN,0.455,59.89010989010988,-351.2586785005867
2026-05-24 15:00,DOWN,UP,LOSS,0.465,-50.0,-401.2586785005867
2026-05-24 15:15,DOWN,DOWN,WIN,0.535,43.457943925233636,-357.8007345753531
2026-05-24 15:30,DOWN,DOWN,WIN,0.475,55.26315789473685,-302.5375766806162
2026-05-24 15:45,DOWN,DOWN,WIN,0.475,55.26315789473685,-247.27441878587936
2026-05-24 16:00,DOWN,UP,LOSS,0.37,-50.0,-297.27441878587933
2026-05-24 21:30,DOWN,DOWN,WIN,0.385,79.87012987012986,-217.40428891574948
2026-05-24 21:45,DOWN,UP,LOSS,0.375,-50.0,-267.4042889157495
2026-05-24 22:00,DOWN,UP,LOSS,0.355,-50.0,-317.4042889157495
2026-05-24 22:30,UP,DOWN,LOSS,0.535,-50.0,-367.4042889157495
2026-05-24 22:45,UP,UP,WIN,0.505,49.00990099009901,-318.39438792565045
2026-05-24 23:00,UP,UP,WIN,0.495,51.01010101010101,-267.3842869155494
2026-05-24 23:15,UP,DOWN,LOSS,0.545,-50.0,-317.3842869155494
2026-05-24 23:30,UP,UP,WIN,0.515,47.08737864077669,-270.2969082747727
2026-05-24 23:45,UP,DOWN,LOSS,0.405,-50.0,-320.2969082747727
2026-05-25 00:00,UP,UP,WIN,0.535,43.457943925233636,-276.8389643495391
2026-05-25 00:15,UP,UP,WIN,0.455,59.89010989010988,-216.94885445942919
2026-05-25 00:30,UP,DOWN,LOSS,0.515,-50.0,-266.9488544594292
2026-05-25 00:45,UP,UP,WIN,0.495,51.01010101010101,-215.93875344932817
2026-05-25 01:00,UP,UP,WIN,0.535,43.457943925233636,-172.48080952409452
2026-05-25 01:15,UP,DOWN,LOSS,0.51,-50.0,-222.48080952409452
2026-05-25 01:30,UP,UP,WIN,0.485,53.09278350515464,-169.38802601893988
2026-05-25 01:45,UP,DOWN,LOSS,0.505,-50.0,-219.38802601893988
2026-05-25 02:15,UP,DOWN,LOSS,0.505,-50.0,-269.38802601893985
2026-05-25 03:00,UP,DOWN,LOSS,0.505,-50.0,-319.38802601893985
2026-05-25 05:00,UP,UP,WIN,0.445,62.35955056179775,-257.0284754571421
2026-05-25 05:15,UP,UP,WIN,0.405,73.45679012345678,-183.57168533368534
2026-05-25 05:30,UP,UP,WIN,0.495,51.01010101010101,-132.56158432358433
2026-05-25 05:45,UP,DOWN,LOSS,0.445,-50.0,-182.56158432358433
2026-05-25 06:00,UP,DOWN,LOSS,0.485,-50.0,-232.56158432358433
2026-05-25 06:15,UP,UP,WIN,0.525,45.23809523809524,-187.3234890854891
2026-05-25 06:30,UP,UP,WIN,0.535,43.457943925233636,-143.86554516025546
2026-05-25 06:45,UP,UP,WIN,0.495,51.01010101010101,-92.85544415015445
2026-05-25 07:00,UP,DOWN,LOSS,0.505,-50.0,-142.85544415015445
2026-05-25 07:15,UP,DOWN,LOSS,0.505,-50.0,-192.85544415015445
2026-05-25 07:30,UP,UP,WIN,0.525,45.23809523809524,-147.6173489120592
2026-05-25 07:45,UP,UP,WIN,0.475,55.26315789473685,-92.35419101732236
2026-05-25 08:00,UP,DOWN,LOSS,0.475,-50.0,-142.35419101732236
2026-05-25 09:30,UP,UP,WIN,0.425,67.64705882352942,-74.70713219379294
2026-05-25 09:45,UP,UP,WIN,0.425,67.64705882352942,-7.060073370263524
2026-05-25 10:00,UP,UP,WIN,0.415,70.48192771084338,63.421854340579856
2026-05-25 10:15,UP,DOWN,LOSS,0.395,-50.0,13.421854340579856
2026-05-25 10:30,UP,UP,WIN,0.495,51.01010101010101,64.43195535068087
2026-05-25 10:45,UP,DOWN,LOSS,0.495,-50.0,14.431955350680866
2026-05-25 11:00,UP,DOWN,LOSS,0.485,-50.0,-35.568044649319134
2026-05-25 11:15,UP,DOWN,LOSS,0.525,-50.0,-85.56804464931913
2026-05-25 11:30,UP,UP,WIN,0.545,41.74311926605503,-43.8249253832641
2026-05-25 11:45,UP,DOWN,LOSS,0.595,-50.0,-93.8249253832641
2026-05-25 14:30,UP,DOWN,LOSS,0.415,-50.0,-143.8249253832641
2026-05-25 14:45,UP,UP,WIN,0.495,51.01010101010101,-92.81482437316308
2026-05-25 15:00,UP,DOWN,LOSS,0.475,-50.0,-142.81482437316308
2026-05-25 15:15,UP,DOWN,LOSS,0.445,-50.0,-192.81482437316308
2026-05-25 15:30,UP,UP,WIN,0.485,53.09278350515464,-139.72204086800843
2026-05-25 15:45,UP,DOWN,LOSS,0.495,-50.0,-189.72204086800843
2026-05-25 16:00,UP,DOWN,LOSS,0.535,-50.0,-239.72204086800843
2026-05-25 16:15,UP,UP,WIN,0.525,45.23809523809524,-194.4839456299132
2026-05-25 16:30,UP,UP,WIN,0.495,51.01010101010101,-143.47384461981218
2026-05-25 16:45,UP,UP,WIN,0.485,53.09278350515464,-90.38106111465754
2026-05-25 17:00,UP,DOWN,LOSS,0.475,-50.0,-140.38106111465754
2026-05-25 17:15,UP,UP,WIN,0.425,67.64705882352942,-72.73400229112812
2026-05-25 17:30,UP,DOWN,LOSS,0.525,-50.0,-122.73400229112812
2026-05-26 00:45,DOWN,DOWN,WIN,0.36,88.88888888888889,-33.845113402239235
2026-05-26 01:00,DOWN,UP,LOSS,0.495,-50.0,-83.84511340223924
2026-05-26 01:15,DOWN,DOWN,WIN,0.465,57.5268817204301,-26.318231681809138
2026-05-26 01:30,DOWN,DOWN,WIN,0.455,59.89010989010988,33.571878208300745
2026-05-26 01:45,DOWN,DOWN,WIN,0.435,64.94252873563218,98.51440694393293
2026-05-26 02:00,DOWN,UP,LOSS,0.365,-50.0,48.514406943932926
2026-05-26 02:15,DOWN,DOWN,WIN,0.505,49.00990099009901,97.52430793403194
2026-05-26 02:30,DOWN,DOWN,WIN,0.465,57.5268817204301,155.05118965446204
2026-05-26 02:45,DOWN,UP,LOSS,0.365,-50.0,105.05118965446204
2026-05-26 03:00,DOWN,DOWN,WIN,0.485,53.09278350515464,158.14397315961668
2026-05-26 03:15,DOWN,DOWN,WIN,0.465,57.5268817204301,215.67085488004676
2026-05-26 03:30,DOWN,UP,LOSS,0.475,-50.0,165.67085488004676
2026-05-26 03:45,DOWN,UP,LOSS,0.515,-50.0,115.67085488004676
2026-05-26 04:00,DOWN,DOWN,WIN,0.515,47.08737864077669,162.75823352082347
2026-05-26 04:15,DOWN,UP,LOSS,0.465,-50.0,112.75823352082347
2026-05-26 09:00,DOWN,DOWN,WIN,0.485,53.09278350515464,165.8510170259781
2026-05-26 09:15,DOWN,UP,LOSS,0.485,-50.0,115.85101702597811
2026-05-26 09:30,DOWN,DOWN,WIN,0.485,53.09278350515464,168.94380053113275
2026-05-26 09:45,DOWN,DOWN,WIN,0.465,57.5268817204301,226.47068225156283
2026-05-26 10:00,DOWN,UP,LOSS,0.495,-50.0,176.47068225156283
2026-05-26 10:15,DOWN,UP,LOSS,0.475,-50.0,126.47068225156283
2026-05-26 10:30,UP,UP,WIN,0.425,67.64705882352942,194.11774107509225
2026-05-26 10:45,UP,DOWN,LOSS,0.425,-50.0,144.11774107509225
2026-05-26 11:00,UP,DOWN,LOSS,0.535,-50.0,94.11774107509225
2026-05-26 11:15,UP,DOWN,LOSS,0.535,-50.0,44.117741075092255
2026-05-26 11:30,UP,DOWN,LOSS,0.525,-50.0,-5.882258924907745
2026-05-26 11:45,UP,DOWN,LOSS,0.525,-50.0,-55.882258924907745
2026-05-26 12:00,UP,DOWN,LOSS,0.575,-50.0,-105.88225892490775
2026-05-26 12:15,UP,DOWN,LOSS,0.555,-50.0,-155.88225892490775
2026-05-26 12:45,UP,UP,WIN,0.515,47.08737864077669,-108.79488028413105
2026-05-26 13:00,UP,DOWN,LOSS,0.505,-50.0,-158.79488028413107
2026-05-26 13:15,UP,DOWN,LOSS,0.505,-50.0,-208.79488028413107
2026-05-26 14:30,UP,DOWN,LOSS,0.465,-50.0,-258.79488028413107
2026-05-26 15:30,DOWN,DOWN,WIN,0.465,57.5268817204301,-201.26799856370098
2026-05-26 15:45,DOWN,UP,LOSS,0.545,-50.0,-251.26799856370098
2026-05-26 16:00,DOWN,DOWN,WIN,0.465,57.5268817204301,-193.7411168432709
2026-05-26 16:15,DOWN,UP,LOSS,0.495,-50.0,-243.7411168432709
2026-05-26 16:30,DOWN,UP,LOSS,0.48,-50.0,-293.7411168432709
2026-05-26 16:45,DOWN,DOWN,WIN,0.495,51.01010101010101,-242.7310158331699
2026-05-26 17:15,DOWN,DOWN,WIN,0.485,53.09278350515464,-189.63823232801525
2026-05-26 17:30,DOWN,UP,LOSS,0.735,-50.0,-239.63823232801525
2026-05-26 17:45,DOWN,DOWN,WIN,0.455,59.89010989010988,-179.74812243790535
2026-05-26 18:00,DOWN,UP,LOSS,0.445,-50.0,-229.74812243790535
2026-05-26 18:15,DOWN,UP,LOSS,0.465,-50.0,-279.74812243790535
2026-05-26 18:30,DOWN,DOWN,WIN,0.495,51.01010101010101,-228.73802142780434
2026-05-26 18:45,DOWN,DOWN,WIN,0.43,66.27906976744187,-162.45895166036246
2026-05-26 19:00,DOWN,DOWN,WIN,0.445,62.35955056179775,-100.09940109856471
2026-05-26 19:15,DOWN,UP,LOSS,0.485,-50.0,-150.09940109856473
2026-05-26 19:30,DOWN,UP,LOSS,0.475,-50.0,-200.09940109856473
2026-05-26 19:45,DOWN,UP,LOSS,0.53,-50.0,-250.09940109856473
2026-05-26 20:00,DOWN,UP,LOSS,0.465,-50.0,-300.0994010985647
2026-05-26 20:15,DOWN,UP,LOSS,0.555,-50.0,-350.0994010985647
2026-05-26 20:30,DOWN,DOWN,WIN,0.595,34.03361344537815,-316.0657876531866
2026-05-26 20:45,DOWN,UP,LOSS,0.495,-50.0,-366.0657876531866
2026-05-26 22:00,DOWN,DOWN,WIN,0.455,59.89010989010988,-306.1756777630767
2026-05-26 22:15,DOWN,UP,LOSS,0.435,-50.0,-356.1756777630767
2026-05-26 23:30,DOWN,UP,LOSS,0.495,-50.0,-406.1756777630767
2026-05-26 23:45,DOWN,DOWN,WIN,0.505,49.00990099009901,-357.16577677297767
2026-05-27 00:00,DOWN,DOWN,WIN,0.39,78.2051282051282,-278.9606485678495
2026-05-27 00:15,DOWN,UP,LOSS,0.535,-50.0,-328.9606485678495
2026-05-27 00:30,DOWN,UP,LOSS,0.515,-50.0,-378.9606485678495
2026-05-27 02:30,DOWN,DOWN,WIN,0.485,53.09278350515464,-325.8678650626948
2026-05-27 02:45,DOWN,UP,LOSS,0.415,-50.0,-375.8678650626948
2026-05-27 03:15,DOWN,DOWN,WIN,0.505,49.00990099009901,-326.8579640725958
2026-05-27 03:30,DOWN,DOWN,WIN,0.495,51.01010101010101,-275.84786306249475
2026-05-27 03:45,DOWN,DOWN,WIN,0.475,55.26315789473685,-220.5847051677579
2026-05-27 04:00,DOWN,DOWN,WIN,0.455,59.89010989010988,-160.69459527764803
2026-05-27 04:15,DOWN,DOWN,WIN,0.305,113.9344262295082,-46.76016904813983
2026-05-27 04:30,DOWN,UP,LOSS,0.435,-50.0,-96.76016904813983
2026-05-27 04:45,DOWN,UP,LOSS,0.415,-50.0,-146.76016904813983
2026-05-27 05:00,DOWN,UP,LOSS,0.485,-50.0,-196.76016904813983
2026-05-27 05:15,DOWN,UP,LOSS,0.515,-50.0,-246.76016904813983
2026-05-27 05:30,DOWN,DOWN,WIN,0.465,57.5268817204301,-189.23328732770972
2026-05-27 05:45,DOWN,UP,LOSS,0.495,-50.0,-239.23328732770972
2026-05-27 12:00,DOWN,DOWN,WIN,0.475,55.26315789473685,-183.97012943297287
2026-05-27 12:15,DOWN,UP,LOSS,0.415,-50.0,-233.97012943297287
2026-05-27 13:15,DOWN,DOWN,WIN,0.415,70.48192771084338,-163.48820172212947
2026-05-27 13:30,DOWN,DOWN,WIN,0.435,64.94252873563218,-98.5456729864973
2026-05-27 13:45,DOWN,UP,LOSS,0.445,-50.0,-148.5456729864973
2026-05-27 14:00,DOWN,DOWN,WIN,0.455,59.89010989010988,-88.65556309638741
2026-05-27 14:15,DOWN,DOWN,WIN,0.435,64.94252873563218,-23.71303436075523
2026-05-27 14:30,DOWN,UP,LOSS,0.455,-50.0,-73.71303436075523
2026-05-27 14:45,DOWN,DOWN,WIN,0.505,49.00990099009901,-24.703133370656218
2026-05-27 15:00,DOWN,UP,LOSS,0.475,-50.0,-74.70313337065622
2026-05-27 15:15,DOWN,UP,LOSS,0.525,-50.0,-124.70313337065622
2026-05-27 15:30,DOWN,DOWN,WIN,0.505,49.00990099009901,-75.6932323805572
2026-05-27 15:45,DOWN,UP,LOSS,0.415,-50.0,-125.6932323805572
2026-05-27 16:00,DOWN,DOWN,WIN,0.515,47.08737864077669,-78.60585373978051
2026-05-27 16:15,DOWN,DOWN,WIN,0.495,51.01010101010101,-27.595752729679504
2026-05-27 16:30,DOWN,UP,LOSS,0.495,-50.0,-77.5957527296795
2026-05-27 16:45,DOWN,UP,LOSS,0.485,-50.0,-127.5957527296795
2026-05-27 18:15,DOWN,UP,LOSS,0.435,-50.0,-177.5957527296795
2026-05-27 19:00,DOWN,UP,LOSS,0.505,-50.0,-227.5957527296795
2026-05-27 19:15,DOWN,DOWN,WIN,0.575,36.95652173913044,-190.63923099054907
2026-05-27 19:30,DOWN,DOWN,WIN,0.505,49.00990099009901,-141.62933000045007
2026-05-27 19:45,DOWN,UP,LOSS,0.485,-50.0,-191.62933000045007
2026-05-27 22:00,DOWN,DOWN,WIN,0.435,64.94252873563218,-126.68680126481789
2026-05-27 22:15,DOWN,UP,LOSS,0.425,-50.0,-176.6868012648179
2026-05-27 22:30,DOWN,UP,LOSS,0.535,-50.0,-226.6868012648179
2026-05-27 22:45,DOWN,DOWN,WIN,0.505,49.00990099009901,-177.6769002747189
2026-05-27 23:00,DOWN,UP,LOSS,0.545,-50.0,-227.6769002747189
2026-05-27 23:15,DOWN,DOWN,WIN,0.455,59.89010989010988,-167.786790384609
2026-05-27 23:30,DOWN,UP,LOSS,0.445,-50.0,-217.786790384609
2026-05-27 23:45,DOWN,UP,LOSS,0.475,-50.0,-267.786790384609
2026-05-28 00:00,DOWN,DOWN,WIN,0.545,41.74311926605503,-226.04367111855396
2026-05-28 00:15,DOWN,UP,LOSS,0.475,-50.0,-276.04367111855396
2026-05-28 00:30,DOWN,UP,LOSS,0.465,-50.0,-326.04367111855396
2026-05-28 00:45,DOWN,UP,LOSS,0.505,-50.0,-376.04367111855396
2026-05-28 01:00,DOWN,DOWN,WIN,0.505,49.00990099009901,-327.03377012845493
2026-05-28 01:15,DOWN,DOWN,WIN,0.485,53.09278350515464,-273.9409866233003
2026-05-28 02:00,DOWN,DOWN,WIN,0.405,73.45679012345678,-200.48419649984353
2026-05-28 02:15,DOWN,DOWN,WIN,0.495,51.01010101010101,-149.47409548974252
2026-05-28 02:30,DOWN,UP,LOSS,0.435,-50.0,-199.47409548974252
2026-05-28 02:45,DOWN,UP,LOSS,0.485,-50.0,-249.47409548974252
2026-05-28 03:15,DOWN,DOWN,WIN,0.485,53.09278350515464,-196.38131198458788
2026-05-28 03:30,DOWN,DOWN,WIN,0.495,51.01010101010101,-145.37121097448687
2026-05-28 03:45,DOWN,DOWN,WIN,0.395,76.58227848101265,-68.78893249347422
2026-05-28 04:00,DOWN,DOWN,WIN,0.405,73.45679012345678,4.667857629982564
2026-05-28 04:15,DOWN,DOWN,WIN,0.405,73.45679012345678,78.12464775343935
2026-05-28 04:30,DOWN,UP,LOSS,0.445,-50.0,28.124647753439348
2026-05-28 04:45,DOWN,DOWN,WIN,0.475,55.26315789473685,83.3878056481762
2026-05-28 05:00,DOWN,DOWN,WIN,0.505,49.00990099009901,132.39770663827522
2026-05-28 05:15,DOWN,UP,LOSS,0.445,-50.0,82.39770663827522
2026-05-28 05:30,DOWN,UP,LOSS,0.405,-50.0,32.397706638275224
2026-05-28 05:45,DOWN,DOWN,WIN,0.465,57.5268817204301,89.92458835870532
2026-05-28 06:00,DOWN,UP,LOSS,0.475,-50.0,39.92458835870532
2026-05-28 06:15,DOWN,DOWN,WIN,0.485,53.09278350515464,93.01737186385996
2026-05-28 06:30,DOWN,UP,LOSS,0.435,-50.0,43.017371863859964
2026-05-28 06:45,DOWN,UP,LOSS,0.455,-50.0,-6.982628136140036
2026-05-28 07:00,DOWN,DOWN,WIN,0.495,51.01010101010101,44.027472873960974
2026-05-28 07:15,DOWN,UP,LOSS,0.495,-50.0,-5.972527126039026
2026-05-28 13:30,DOWN,DOWN,WIN,0.465,57.5268817204301,51.55435459439107
2026-05-28 13:45,DOWN,UP,LOSS,0.375,-50.0,1.5543545943910715
2026-05-28 14:00,DOWN,UP,LOSS,0.525,-50.0,-48.44564540560893
2026-05-28 14:30,DOWN,DOWN,WIN,0.545,41.74311926605503,-6.702526139553896
2026-05-28 14:45,DOWN,UP,LOSS,0.425,-50.0,-56.702526139553896
2026-05-28 15:00,DOWN,DOWN,WIN,0.495,51.01010101010101,-5.692425129452886
2026-05-28 15:15,DOWN,UP,LOSS,0.455,-50.0,-55.692425129452886
2026-05-28 15:30,DOWN,UP,LOSS,0.485,-50.0,-105.69242512945289
2026-05-28 15:45,DOWN,DOWN,WIN,0.525,45.23809523809524,-60.454329891357645
2026-05-28 16:00,DOWN,UP,LOSS,0.535,-50.0,-110.45432989135765
2026-05-28 16:15,DOWN,UP,LOSS,0.495,-50.0,-160.45432989135765
2026-05-28 16:30,DOWN,UP,LOSS,0.505,-50.0,-210.45432989135765
2026-05-29 02:45,DOWN,DOWN,WIN,0.395,76.58227848101265,-133.872051410345
2026-05-29 03:00,DOWN,UP,LOSS,0.385,-50.0,-183.872051410345
2026-05-29 03:15,DOWN,DOWN,WIN,0.505,49.00990099009901,-134.862150420246
2026-05-29 03:30,DOWN,DOWN,WIN,0.495,51.01010101010101,-83.85204941014499
2026-05-29 03:45,DOWN,DOWN,WIN,0.495,51.01010101010101,-32.841948400043975
2026-05-29 04:00,DOWN,DOWN,WIN,0.455,59.89010989010988,27.048161490065908
2026-05-29 04:15,DOWN,UP,LOSS,0.435,-50.0,-22.951838509934092
2026-05-29 04:30,DOWN,UP,LOSS,0.475,-50.0,-72.95183850993409
2026-05-29 04:45,DOWN,UP,LOSS,0.505,-50.0,-122.95183850993409
2026-05-29 11:45,DOWN,DOWN,WIN,0.445,62.35955056179775,-60.592287948136345
2026-05-29 12:00,DOWN,DOWN,WIN,0.465,57.5268817204301,-3.065406227706248
2026-05-29 12:15,DOWN,DOWN,WIN,0.5,50.0,46.93459377229375
2026-05-29 12:30,DOWN,DOWN,WIN,0.495,51.01010101010101,97.94469478239476
2026-05-29 12:45,DOWN,UP,LOSS,0.455,-50.0,47.94469478239476
2026-05-29 13:00,DOWN,DOWN,WIN,0.495,51.01010101010101,98.95479579249577
2026-05-29 13:15,DOWN,DOWN,WIN,0.495,51.01010101010101,149.9648968025968
2026-05-29 13:30,DOWN,UP,LOSS,0.495,-50.0,99.9648968025968
2026-05-29 13:45,DOWN,DOWN,WIN,0.485,53.09278350515464,153.05768030775144
2026-05-29 14:00,DOWN,DOWN,WIN,0.495,51.01010101010101,204.06778131785245
2026-05-29 14:15,DOWN,DOWN,WIN,0.475,55.26315789473685,259.3309392125893
2026-05-29 14:30,DOWN,DOWN,WIN,0.395,76.58227848101265,335.91321769360195
2026-05-29 14:45,DOWN,UP,LOSS,0.445,-50.0,285.91321769360195
2026-05-29 15:00,DOWN,UP,LOSS,0.475,-50.0,235.91321769360195
2026-05-29 16:45,UP,UP,WIN,0.465,57.5268817204301,293.44009941403203
2026-05-29 17:00,UP,UP,WIN,0.485,53.09278350515464,346.5328829191867
2026-05-29 17:15,UP,UP,WIN,0.475,55.26315789473685,401.7960408139236
2026-05-29 17:30,UP,DOWN,LOSS,0.485,-50.0,351.7960408139236
2026-05-29 17:45,UP,DOWN,LOSS,0.485,-50.0,301.7960408139236
2026-05-29 18:15,UP,DOWN,LOSS,0.505,-50.0,251.79604081392358
2026-05-29 19:15,DOWN,DOWN,WIN,0.495,51.01010101010101,302.8061418240246
2026-05-29 19:30,DOWN,UP,LOSS,0.445,-50.0,252.80614182402462
2026-05-29 20:15,DOWN,UP,LOSS,0.535,-50.0,202.80614182402462
2026-05-29 20:30,DOWN,DOWN,WIN,0.495,51.01010101010101,253.81624283412563
2026-05-29 21:30,DOWN,UP,LOSS,0.465,-50.0,203.81624283412563
2026-05-29 21:45,DOWN,DOWN,WIN,0.495,51.01010101010101,254.82634384422664
2026-05-29 22:00,DOWN,DOWN,WIN,0.435,64.94252873563218,319.7688725798588
2026-05-29 22:15,DOWN,UP,LOSS,0.455,-50.0,269.7688725798588
2026-05-29 23:15,DOWN,DOWN,WIN,0.445,62.35955056179775,332.1284231416565
2026-05-29 23:30,DOWN,UP,LOSS,0.465,-50.0,282.1284231416565
2026-05-29 23:45,DOWN,UP,LOSS,0.475,-50.0,232.12842314165653
2026-05-30 00:00,DOWN,UP,LOSS,0.335,-50.0,182.12842314165653
2026-05-30 00:15,DOWN,DOWN,WIN,0.525,45.23809523809524,227.36651837975177
2026-05-30 00:30,DOWN,UP,LOSS,0.495,-50.0,177.36651837975177
2026-05-30 00:45,DOWN,DOWN,WIN,0.515,47.08737864077669,224.45389702052847
2026-05-30 04:30,DOWN,DOWN,WIN,0.405,73.45679012345678,297.91068714398523
2026-05-30 04:45,DOWN,UP,LOSS,0.445,-50.0,247.91068714398523
2026-05-30 05:00,DOWN,UP,LOSS,0.505,-50.0,197.91068714398523
2026-05-30 05:15,DOWN,UP,LOSS,0.535,-50.0,147.91068714398523
2026-05-30 05:30,DOWN,UP,LOSS,0.535,-50.0,97.91068714398523
2026-05-30 05:45,DOWN,UP,LOSS,0.575,-50.0,47.91068714398523
2026-05-30 06:15,DOWN,UP,LOSS,0.545,-50.0,-2.0893128560147716
2026-05-30 09:30,DOWN,UP,LOSS,0.505,-50.0,-52.08931285601477
2026-05-30 13:45,UP,UP,WIN,0.455,59.89010989010988,7.800797034095112
2026-05-30 14:00,UP,UP,WIN,0.405,73.45679012345678,81.2575871575519
2026-05-30 14:15,UP,UP,WIN,0.405,73.45679012345678,154.7143772810087
2026-05-30 14:30,UP,DOWN,LOSS,0.395,-50.0,104.7143772810087
2026-05-30 14:45,UP,UP,WIN,0.425,67.64705882352942,172.36143610453811
2026-05-30 15:00,UP,UP,WIN,0.59,34.745762711864415,207.10719881640253
2026-05-30 15:15,UP,DOWN,LOSS,0.465,-50.0,157.10719881640253
2026-05-30 15:30,UP,UP,WIN,0.515,47.08737864077669,204.1945774571792
2026-05-30 15:45,UP,DOWN,LOSS,0.525,-50.0,154.1945774571792
2026-05-30 16:00,UP,UP,WIN,0.515,47.08737864077669,201.2819560979559
2026-05-30 16:15,UP,DOWN,LOSS,0.445,-50.0,151.2819560979559
2026-05-30 16:30,UP,UP,WIN,0.565,38.49557522123895,189.77753131919485
2026-05-30 16:45,UP,DOWN,LOSS,0.475,-50.0,139.77753131919485
2026-05-30 17:00,UP,DOWN,LOSS,0.475,-50.0,89.77753131919485
2026-05-30 17:15,UP,DOWN,LOSS,0.525,-50.0,39.77753131919485
2026-05-30 17:45,UP,UP,WIN,0.485,53.09278350515464,92.87031482434949
2026-05-30 18:15,UP,DOWN,LOSS,0.375,-50.0,42.87031482434949
2026-05-30 19:00,UP,UP,WIN,0.505,49.00990099009901,91.8802158144485
2026-05-30 19:15,UP,DOWN,LOSS,0.505,-50.0,41.880215814448505
2026-05-30 19:30,UP,UP,WIN,0.585,35.47008547008548,77.35030128453398
2026-05-30 19:45,UP,DOWN,LOSS,0.505,-50.0,27.350301284533984
2026-05-30 20:00,UP,DOWN,LOSS,0.515,-50.0,-22.649698715466016
2026-05-30 21:00,UP,UP,WIN,0.585,35.47008547008548,12.820386754619463
2026-05-30 22:45,DOWN,UP,LOSS,0.395,-50.0,-37.17961324538054
2026-05-30 23:45,DOWN,UP,LOSS,0.385,-50.0,-87.17961324538054
2026-05-31 01:00,UP,UP,WIN,0.445,62.35955056179775,-24.82006268358279
2026-05-31 01:15,UP,DOWN,LOSS,0.385,-50.0,-74.82006268358279
2026-05-31 01:30,UP,DOWN,LOSS,0.465,-50.0,-124.82006268358279
2026-05-31 01:45,UP,UP,WIN,0.505,49.00990099009901,-75.81016169348378
2026-05-31 02:00,UP,UP,WIN,0.52,46.153846153846146,-29.65631553963763
2026-05-31 02:15,UP,DOWN,LOSS,0.465,-50.0,-79.65631553963763
2026-05-31 02:30,UP,DOWN,LOSS,0.515,-50.0,-129.65631553963763
2026-05-31 03:00,UP,UP,WIN,0.475,55.26315789473685,-74.39315764490078
2026-05-31 03:15,UP,UP,WIN,0.425,67.64705882352942,-6.746098821371362
2026-05-31 03:30,UP,DOWN,LOSS,0.415,-50.0,-56.74609882137136
2026-05-31 03:45,UP,DOWN,LOSS,0.505,-50.0,-106.74609882137136
2026-05-31 04:00,UP,DOWN,LOSS,0.485,-50.0,-156.74609882137136
2026-05-31 04:15,UP,UP,WIN,0.515,47.08737864077669,-109.65872018059467
2026-05-31 04:30,UP,UP,WIN,0.495,51.01010101010101,-58.64861917049366
2026-05-31 05:15,UP,UP,WIN,0.485,53.09278350515464,-5.555835665339018
2026-05-31 05:30,UP,DOWN,LOSS,0.505,-50.0,-55.55583566533902
2026-05-31 06:15,UP,UP,WIN,0.515,47.08737864077669,-8.468457024562326
2026-05-31 08:00,DOWN,UP,LOSS,0.465,-50.0,-58.468457024562326
2026-05-31 08:45,DOWN,UP,LOSS,0.475,-50.0,-108.46845702456233
2026-05-31 10:00,DOWN,UP,LOSS,0.515,-50.0,-158.46845702456233
2026-05-31 10:15,DOWN,DOWN,WIN,0.475,55.26315789473685,-103.20529912982548
2026-05-31 10:30,DOWN,DOWN,WIN,0.515,47.08737864077669,-56.117920489048785
2026-05-31 10:45,DOWN,UP,LOSS,0.535,-50.0,-106.11792048904879
2026-05-31 12:45,UP,DOWN,LOSS,0.485,-50.0,-156.1179204890488
2026-05-31 13:30,UP,DOWN,LOSS,0.545,-50.0,-206.1179204890488
2026-05-31 14:15,DOWN,DOWN,WIN,0.365,86.98630136986301,-119.13161911918579
2026-05-31 14:30,DOWN,UP,LOSS,0.385,-50.0,-169.13161911918579
2026-05-31 14:45,DOWN,DOWN,WIN,0.5,50.0,-119.13161911918579
2026-05-31 15:00,DOWN,UP,LOSS,0.425,-50.0,-169.13161911918579
2026-05-31 15:15,DOWN,UP,LOSS,0.505,-50.0,-219.13161911918579
2026-05-31 15:30,DOWN,DOWN,WIN,0.535,43.457943925233636,-175.67367519395214
2026-05-31 15:45,DOWN,UP,LOSS,0.465,-50.0,-225.67367519395214
2026-05-31 16:00,DOWN,DOWN,WIN,0.475,55.26315789473685,-170.4105172992153
2026-05-31 16:15,DOWN,DOWN,WIN,0.485,53.09278350515464,-117.31773379406064
2026-05-31 16:30,DOWN,DOWN,WIN,0.475,55.26315789473685,-62.054575899323794
2026-05-31 16:45,DOWN,UP,LOSS,0.445,-50.0,-112.0545758993238
2026-05-31 17:00,DOWN,UP,LOSS,0.485,-50.0,-162.0545758993238
2026-05-31 17:15,DOWN,UP,LOSS,0.415,-50.0,-212.0545758993238
2026-05-31 17:30,DOWN,UP,LOSS,0.505,-50.0,-262.0545758993238
2026-05-31 19:00,DOWN,DOWN,WIN,0.485,53.09278350515464,-208.96179239416918
2026-05-31 19:15,DOWN,DOWN,WIN,0.455,59.89010989010988,-149.0716825040593
2026-05-31 19:30,DOWN,DOWN,WIN,0.425,67.64705882352942,-81.42462368052989
2026-05-31 19:45,DOWN,UP,LOSS,0.425,-50.0,-131.4246236805299
2026-05-31 22:00,UP,DOWN,LOSS,0.39,-50.0,-181.4246236805299
2026-05-31 22:15,UP,DOWN,LOSS,0.465,-50.0,-231.4246236805299
2026-05-31 22:30,UP,UP,WIN,0.455,59.89010989010988,-171.53451379042002
2026-05-31 22:45,UP,UP,WIN,0.505,49.00990099009901,-122.52461280032101
2026-05-31 23:00,UP,DOWN,LOSS,0.545,-50.0,-172.524612800321
2026-05-31 23:15,UP,DOWN,LOSS,0.485,-50.0,-222.524612800321
2026-06-01 00:30,UP,UP,WIN,0.475,55.26315789473685,-167.26145490558415
2026-06-01 00:45,UP,DOWN,LOSS,0.505,-50.0,-217.26145490558415
2026-06-01 01:00,UP,DOWN,LOSS,0.615,-50.0,-267.2614549055842
2026-06-01 01:30,DOWN,DOWN,WIN,0.455,59.89010989010988,-207.37134501547428
2026-06-01 01:45,DOWN,DOWN,WIN,0.395,76.58227848101265,-130.78906653446163
2026-06-01 02:00,DOWN,UP,LOSS,0.395,-50.0,-180.78906653446163
2026-06-01 02:15,DOWN,DOWN,WIN,0.535,43.457943925233636,-137.33112260922798
2026-06-01 02:30,DOWN,UP,LOSS,0.505,-50.0,-187.33112260922798
2026-06-01 03:30,UP,DOWN,LOSS,0.445,-50.0,-237.33112260922798
2026-06-01 04:30,DOWN,UP,LOSS,0.425,-50.0,-287.331122609228
2026-06-01 06:15,DOWN,DOWN,WIN,0.405,73.45679012345678,-213.8743324857712
2026-06-01 06:30,DOWN,DOWN,WIN,0.455,59.89010989010988,-153.98422259566132
2026-06-01 06:45,DOWN,UP,LOSS,0.395,-50.0,-203.98422259566132
2026-06-01 07:00,DOWN,DOWN,WIN,0.475,55.26315789473685,-148.72106470092447
2026-06-01 07:15,DOWN,DOWN,WIN,0.485,53.09278350515464,-95.62828119576983
2026-06-01 07:30,DOWN,UP,LOSS,0.455,-50.0,-145.62828119576983
2026-06-01 07:45,DOWN,DOWN,WIN,0.445,62.35955056179775,-83.26873063397208
2026-06-01 08:00,DOWN,DOWN,WIN,0.375,83.33333333333334,0.0646026993612594
2026-06-01 08:15,DOWN,DOWN,WIN,0.455,59.89010989010988,59.95471258947114
2026-06-01 08:30,DOWN,UP,LOSS,0.445,-50.0,9.954712589471143
2026-06-01 08:45,DOWN,UP,LOSS,0.415,-50.0,-40.04528741052886
2026-06-01 09:00,DOWN,UP,LOSS,0.465,-50.0,-90.04528741052886
2026-06-01 09:15,DOWN,UP,LOSS,0.565,-50.0,-140.04528741052886
2026-06-01 09:30,DOWN,DOWN,WIN,0.56,39.28571428571428,-100.75957312481458
2026-06-01 09:45,DOWN,DOWN,WIN,0.485,53.09278350515464,-47.66678961965994
2026-06-01 10:00,DOWN,DOWN,WIN,0.475,55.26315789473685,7.596368275076912
2026-06-01 10:15,DOWN,DOWN,WIN,0.455,59.89010989010988,67.4864781651868
2026-06-01 10:30,DOWN,DOWN,WIN,0.415,70.48192771084338,137.96840587603018
2026-06-01 10:45,DOWN,DOWN,WIN,0.435,64.94252873563218,202.91093461166236
2026-06-01 11:00,DOWN,DOWN,WIN,0.455,59.89010989010988,262.80104450177225
2026-06-01 11:15,DOWN,DOWN,WIN,0.485,53.09278350515464,315.8938280069269
2026-06-01 11:30,DOWN,UP,LOSS,0.455,-50.0,265.8938280069269
2026-06-01 12:00,DOWN,DOWN,WIN,0.345,94.92753623188406,360.821364238811
2026-06-01 12:15,DOWN,UP,LOSS,0.435,-50.0,310.821364238811
2026-06-01 12:30,DOWN,UP,LOSS,0.485,-50.0,260.821364238811
2026-06-01 12:45,DOWN,DOWN,WIN,0.485,53.09278350515464,313.9141477439656
2026-06-01 13:00,DOWN,DOWN,WIN,0.465,57.5268817204301,371.4410294643957
2026-06-01 13:15,DOWN,DOWN,WIN,0.435,64.94252873563218,436.3835582000279
2026-06-01 13:30,DOWN,DOWN,WIN,0.405,73.45679012345678,509.8403483234847
2026-06-01 13:45,DOWN,DOWN,WIN,0.405,73.45679012345678,583.2971384469415
2026-06-01 14:00,DOWN,DOWN,WIN,0.455,59.89010989010988,643.1872483370514
2026-06-01 14:15,DOWN,UP,LOSS,0.535,-50.0,593.1872483370514
2026-06-01 14:30,DOWN,DOWN,WIN,0.445,62.35955056179775,655.5467988988491
2026-06-01 14:45,DOWN,UP,LOSS,0.405,-50.0,605.5467988988491
2026-06-01 15:00,DOWN,DOWN,WIN,0.435,64.94252873563218,670.4893276344814
2026-06-01 15:15,DOWN,DOWN,WIN,0.475,55.26315789473685,725.7524855292182
2026-06-01 15:30,DOWN,UP,LOSS,0.465,-50.0,675.7524855292182
2026-06-01 15:45,DOWN,DOWN,WIN,0.465,57.5268817204301,733.2793672496483
2026-06-01 16:00,DOWN,DOWN,WIN,0.465,57.5268817204301,790.8062489700784
2026-06-01 16:15,DOWN,UP,LOSS,0.455,-50.0,740.8062489700784
2026-06-01 16:30,DOWN,UP,LOSS,0.485,-50.0,690.8062489700784
2026-06-01 16:45,DOWN,UP,LOSS,0.525,-50.0,640.8062489700784
2026-06-01 17:00,DOWN,UP,LOSS,0.545,-50.0,590.8062489700784
2026-06-01 21:00,DOWN,DOWN,WIN,0.445,62.35955056179775,653.1657995318761
2026-06-01 21:15,DOWN,DOWN,WIN,0.435,64.94252873563218,718.1083282675083
2026-06-01 21:30,DOWN,DOWN,WIN,0.415,70.48192771084338,788.5902559783517
2026-06-01 21:45,DOWN,DOWN,WIN,0.455,59.89010989010988,848.4803658684616
2026-06-01 22:00,DOWN,DOWN,WIN,0.465,57.5268817204301,906.0072475888917
2026-06-01 22:15,DOWN,UP,LOSS,0.445,-50.0,856.0072475888917
2026-06-01 22:30,DOWN,DOWN,WIN,0.545,41.74311926605503,897.7503668549467
2026-06-01 22:45,DOWN,UP,LOSS,0.475,-50.0,847.7503668549467
2026-06-01 23:00,DOWN,UP,LOSS,0.535,-50.0,797.7503668549467
2026-06-01 23:15,DOWN,DOWN,WIN,0.495,51.01010101010101,848.7604678650478
2026-06-01 23:30,DOWN,UP,LOSS,0.485,-50.0,798.7604678650478
2026-06-02 00:00,DOWN,DOWN,WIN,0.495,51.01010101010101,849.7705688751488
2026-06-02 00:15,DOWN,UP,LOSS,0.465,-50.0,799.7705688751488
2026-06-02 02:00,DOWN,DOWN,WIN,0.435,64.94252873563218,864.713097610781
2026-06-02 02:15,DOWN,UP,LOSS,0.43,-50.0,814.713097610781
2026-06-02 02:30,DOWN,DOWN,WIN,0.485,53.09278350515464,867.8058811159357
2026-06-02 02:45,DOWN,UP,LOSS,0.465,-50.0,817.8058811159357
2026-06-02 03:00,DOWN,UP,LOSS,0.515,-50.0,767.8058811159357
2026-06-02 03:15,DOWN,DOWN,WIN,0.435,64.94252873563218,832.7484098515679
2026-06-02 03:30,DOWN,UP,LOSS,0.525,-50.0,782.7484098515679
2026-06-02 03:45,DOWN,DOWN,WIN,0.635,28.740157480314963,811.4885673318829
2026-06-02 04:00,DOWN,DOWN,WIN,0.495,51.01010101010101,862.498668341984
2026-06-02 04:15,DOWN,UP,LOSS,0.465,-50.0,812.498668341984
2026-06-02 04:30,DOWN,UP,LOSS,0.515,-50.0,762.498668341984
2026-06-02 04:45,DOWN,DOWN,WIN,0.545,41.74311926605503,804.241787608039
2026-06-02 05:00,DOWN,DOWN,WIN,0.495,51.01010101010101,855.25188861814
2026-06-02 06:00,DOWN,DOWN,WIN,0.425,67.64705882352942,922.8989474416694
2026-06-02 06:15,DOWN,UP,LOSS,0.435,-50.0,872.8989474416694
2026-06-02 06:30,DOWN,DOWN,WIN,0.465,57.5268817204301,930.4258291620995
2026-06-02 06:45,DOWN,DOWN,WIN,0.495,51.01010101010101,981.4359301722005
2026-06-02 07:00,DOWN,UP,LOSS,0.385,-50.0,931.4359301722005
2026-06-02 07:15,DOWN,DOWN,WIN,0.455,59.89010989010988,991.3260400623104
2026-06-02 07:30,DOWN,UP,LOSS,0.425,-50.0,941.3260400623104
2026-06-02 07:45,DOWN,DOWN,WIN,0.485,53.09278350515464,994.4188235674651
2026-06-02 08:00,DOWN,DOWN,WIN,0.475,55.26315789473685,1049.681981462202
2026-06-02 08:15,DOWN,UP,LOSS,0.465,-50.0,999.681981462202
2026-06-02 08:30,DOWN,DOWN,WIN,0.445,62.35955056179775,1062.0415320239997
2026-06-02 08:45,DOWN,DOWN,WIN,0.445,62.35955056179775,1124.4010825857974
2026-06-02 09:00,DOWN,DOWN,WIN,0.435,64.94252873563218,1189.3436113214295
2026-06-02 09:15,DOWN,DOWN,WIN,0.445,62.35955056179775,1251.7031618832273
2026-06-02 09:30,DOWN,UP,LOSS,0.425,-50.0,1201.7031618832273
2026-06-02 09:45,DOWN,UP,LOSS,0.485,-50.0,1151.7031618832273
2026-06-02 10:00,DOWN,UP,LOSS,0.455,-50.0,1101.7031618832273
2026-06-02 10:15,DOWN,DOWN,WIN,0.525,45.23809523809524,1146.9412571213225
2026-06-02 10:30,DOWN,DOWN,WIN,0.515,47.08737864077669,1194.0286357620992
2026-06-02 10:45,DOWN,UP,LOSS,0.375,-50.0,1144.0286357620992
2026-06-02 11:00,DOWN,DOWN,WIN,0.495,51.01010101010101,1195.0387367722
2026-06-02 11:15,DOWN,DOWN,WIN,0.495,51.01010101010101,1246.048837782301
2026-06-02 11:30,DOWN,UP,LOSS,0.475,-50.0,1196.048837782301
2026-06-02 11:45,DOWN,DOWN,WIN,0.525,45.23809523809524,1241.2869330203962
2026-06-02 12:00,DOWN,DOWN,WIN,0.485,53.09278350515464,1294.3797165255507
2026-06-02 12:15,DOWN,DOWN,WIN,0.445,62.35955056179775,1356.7392670873485
2026-06-02 12:30,DOWN,DOWN,WIN,0.535,43.457943925233636,1400.197211012582
2026-06-02 12:45,DOWN,DOWN,WIN,0.455,59.89010989010988,1460.087320902692
2026-06-02 13:00,DOWN,DOWN,WIN,0.455,59.89010989010988,1519.977430792802
2026-06-02 13:15,DOWN,UP,LOSS,0.445,-50.0,1469.977430792802
2026-06-02 13:30,DOWN,DOWN,WIN,0.485,53.09278350515464,1523.0702142979565
2026-06-02 13:45,DOWN,DOWN,WIN,0.455,59.89010989010988,1582.9603241880664
2026-06-02 14:00,DOWN,DOWN,WIN,0.445,62.35955056179775,1645.319874749864
2026-06-02 14:15,DOWN,DOWN,WIN,0.475,55.26315789473685,1700.583032644601
2026-06-02 14:30,DOWN,UP,LOSS,0.505,-50.0,1650.583032644601
2026-06-02 14:45,DOWN,DOWN,WIN,0.515,47.08737864077669,1697.6704112853777
2026-06-02 15:00,DOWN,DOWN,WIN,0.505,49.00990099009901,1746.6803122754766
2026-06-02 15:15,DOWN,DOWN,WIN,0.465,57.5268817204301,1804.2071939959067
2026-06-02 15:30,DOWN,UP,LOSS,0.555,-50.0,1754.2071939959067
2026-06-02 15:45,DOWN,DOWN,WIN,0.465,57.5268817204301,1811.7340757163367
2026-06-02 16:00,DOWN,UP,LOSS,0.495,-50.0,1761.7340757163367
2026-06-02 16:15,DOWN,DOWN,WIN,0.505,49.00990099009901,1810.7439767064357
2026-06-02 16:30,DOWN,DOWN,WIN,0.535,43.457943925233636,1854.2019206316693
2026-06-02 16:45,DOWN,DOWN,WIN,0.525,45.23809523809524,1899.4400158697645
2026-06-02 17:00,DOWN,DOWN,WIN,0.53,44.339622641509436,1943.7796385112738
2026-06-02 17:15,DOWN,UP,LOSS,0.505,-50.0,1893.7796385112738
2026-06-02 17:30,DOWN,DOWN,WIN,0.515,47.08737864077669,1940.8670171520505
2026-06-02 17:45,DOWN,UP,LOSS,0.525,-50.0,1890.8670171520505
2026-06-02 18:00,DOWN,DOWN,WIN,0.495,51.01010101010101,1941.8771181621514
2026-06-02 18:15,DOWN,DOWN,WIN,0.495,51.01010101010101,1992.8872191722523
2026-06-02 18:30,DOWN,DOWN,WIN,0.485,53.09278350515464,2045.980002677407
2026-06-02 18:45,DOWN,UP,LOSS,0.445,-50.0,1995.980002677407
2026-06-02 19:30,DOWN,UP,LOSS,0.435,-50.0,1945.980002677407
2026-06-02 19:45,DOWN,UP,LOSS,0.485,-50.0,1895.980002677407
2026-06-02 20:00,DOWN,UP,LOSS,0.615,-50.0,1845.980002677407
2026-06-02 20:15,DOWN,DOWN,WIN,0.535,43.457943925233636,1889.4379466026405
2026-06-02 20:30,DOWN,UP,LOSS,0.495,-50.0,1839.4379466026405
2026-06-02 22:45,DOWN,DOWN,WIN,0.475,55.26315789473685,1894.7011044973774
2026-06-02 23:00,DOWN,UP,LOSS,0.435,-50.0,1844.7011044973774
2026-06-02 23:30,DOWN,UP,LOSS,0.505,-50.0,1794.7011044973774
2026-06-02 23:45,DOWN,UP,LOSS,0.535,-50.0,1744.7011044973774
2026-06-03 00:15,DOWN,DOWN,WIN,0.505,49.00990099009901,1793.7110054874763
2026-06-03 00:30,DOWN,UP,LOSS,0.525,-50.0,1743.7110054874763
2026-06-03 00:45,DOWN,DOWN,WIN,0.535,43.457943925233636,1787.16894941271
2026-06-03 01:00,DOWN,DOWN,WIN,0.515,47.08737864077669,1834.2563280534866
2026-06-03 01:15,DOWN,UP,LOSS,0.495,-50.0,1784.2563280534866
2026-06-03 01:30,DOWN,DOWN,WIN,0.505,49.00990099009901,1833.2662290435856
2026-06-03 01:45,DOWN,UP,LOSS,0.475,-50.0,1783.2662290435856
2026-06-03 03:30,DOWN,DOWN,WIN,0.395,76.58227848101265,1859.8485075245983
2026-06-03 03:45,DOWN,UP,LOSS,0.395,-50.0,1809.8485075245983
2026-06-03 04:00,DOWN,UP,LOSS,0.465,-50.0,1759.8485075245983
2026-06-03 04:15,DOWN,UP,LOSS,0.545,-50.0,1709.8485075245983
2026-06-03 04:30,DOWN,UP,LOSS,0.545,-50.0,1659.8485075245983
2026-06-03 04:45,DOWN,UP,LOSS,0.505,-50.0,1609.8485075245983
2026-06-03 05:00,DOWN,UP,LOSS,0.455,-50.0,1559.8485075245983
2026-06-03 09:45,DOWN,UP,LOSS,0.415,-50.0,1509.8485075245983
2026-06-03 13:45,DOWN,UP,LOSS,0.45,-50.0,1459.8485075245983
2026-06-03 14:00,DOWN,UP,LOSS,0.505,-50.0,1409.8485075245983
2026-06-03 14:15,DOWN,DOWN,WIN,0.465,57.5268817204301,1467.3753892450284
2026-06-03 14:30,DOWN,DOWN,WIN,0.465,57.5268817204301,1524.9022709654585
2026-06-03 14:45,DOWN,UP,LOSS,0.495,-50.0,1474.9022709654585
2026-06-03 15:00,DOWN,DOWN,WIN,0.495,51.01010101010101,1525.9123719755594
2026-06-03 15:15,DOWN,UP,LOSS,0.445,-50.0,1475.9123719755594
2026-06-03 15:30,DOWN,DOWN,WIN,0.485,53.09278350515464,1529.005155480714
2026-06-03 15:45,DOWN,DOWN,WIN,0.495,51.01010101010101,1580.0152564908149
2026-06-03 16:00,DOWN,UP,LOSS,0.415,-50.0,1530.0152564908149
2026-06-03 16:15,DOWN,DOWN,WIN,0.525,45.23809523809524,1575.25335172891
2026-06-03 16:30,DOWN,UP,LOSS,0.455,-50.0,1525.25335172891
2026-06-03 16:45,DOWN,UP,LOSS,0.465,-50.0,1475.25335172891
2026-06-03 17:00,DOWN,DOWN,WIN,0.455,59.89010989010988,1535.14346161902
2026-06-03 17:15,DOWN,UP,LOSS,0.475,-50.0,1485.14346161902
2026-06-03 17:30,DOWN,UP,LOSS,0.475,-50.0,1435.14346161902
2026-06-03 17:45,DOWN,DOWN,WIN,0.515,47.08737864077669,1482.2308402597967
2026-06-03 18:00,DOWN,DOWN,WIN,0.455,59.89010989010988,1542.1209501499065
2026-06-03 18:15,DOWN,UP,LOSS,0.555,-50.0,1492.1209501499065
2026-06-03 18:30,DOWN,UP,LOSS,0.505,-50.0,1442.1209501499065
2026-06-03 18:45,DOWN,DOWN,WIN,0.535,43.457943925233636,1485.5788940751402
2026-06-03 19:00,DOWN,DOWN,WIN,0.505,49.00990099009901,1534.588795065239
2026-06-03 19:15,DOWN,DOWN,WIN,0.485,53.09278350515464,1587.6815785703936
2026-06-03 19:30,DOWN,UP,LOSS,0.445,-50.0,1537.6815785703936
2026-06-03 19:45,DOWN,DOWN,WIN,0.505,49.00990099009901,1586.6914795604926
2026-06-03 20:00,DOWN,UP,LOSS,0.465,-50.0,1536.6914795604926
2026-06-03 20:15,DOWN,UP,LOSS,0.685,-50.0,1486.6914795604926
2026-06-03 20:30,DOWN,DOWN,WIN,0.495,51.01010101010101,1537.7015805705935
2026-06-03 20:45,DOWN,DOWN,WIN,0.405,73.45679012345678,1611.1583706940503
2026-06-03 21:00,DOWN,UP,LOSS,0.42,-50.0,1561.1583706940503
2026-06-03 21:15,DOWN,UP,LOSS,0.545,-50.0,1511.1583706940503
2026-06-03 21:30,DOWN,DOWN,WIN,0.505,49.00990099009901,1560.1682716841492
2026-06-03 21:45,DOWN,UP,LOSS,0.455,-50.0,1510.1682716841492
2026-06-03 22:15,DOWN,DOWN,WIN,0.505,49.00990099009901,1559.1781726742481
2026-06-03 22:30,DOWN,DOWN,WIN,0.505,49.00990099009901,1608.188073664347
2026-06-03 22:45,DOWN,DOWN,WIN,0.465,57.5268817204301,1665.714955384777
2026-06-03 23:00,DOWN,DOWN,WIN,0.435,64.94252873563218,1730.6574841204092
2026-06-03 23:15,DOWN,UP,LOSS,0.525,-50.0,1680.6574841204092
2026-06-03 23:30,DOWN,DOWN,WIN,0.435,64.94252873563218,1745.6000128560413
2026-06-03 23:45,DOWN,UP,LOSS,0.405,-50.0,1695.6000128560413
2026-06-04 00:00,DOWN,DOWN,WIN,0.425,67.64705882352942,1763.2470716795708
2026-06-04 00:15,DOWN,DOWN,WIN,0.5,50.0,1813.2470716795708
2026-06-04 00:30,DOWN,DOWN,WIN,0.525,45.23809523809524,1858.485166917666
2026-06-04 00:45,DOWN,DOWN,WIN,0.495,51.01010101010101,1909.495267927767
2026-06-04 01:00,DOWN,DOWN,WIN,0.505,49.00990099009901,1958.5051689178658
2026-06-04 01:15,DOWN,DOWN,WIN,0.495,51.01010101010101,2009.5152699279668
2026-06-04 01:30,DOWN,DOWN,WIN,0.405,73.45679012345678,2082.9720600514233
2026-06-04 01:45,DOWN,DOWN,WIN,0.525,45.23809523809524,2128.2101552895188
2026-06-04 02:00,DOWN,UP,LOSS,0.415,-50.0,2078.2101552895188
2026-06-04 02:15,DOWN,UP,LOSS,0.505,-50.0,2028.2101552895188
2026-06-04 02:30,DOWN,UP,LOSS,0.535,-50.0,1978.2101552895188
2026-06-04 02:45,DOWN,DOWN,WIN,0.545,41.74311926605503,2019.953274555574
2026-06-04 03:00,DOWN,UP,LOSS,0.425,-50.0,1969.953274555574
2026-06-04 07:30,DOWN,UP,LOSS,0.435,-50.0,1919.953274555574
2026-06-04 07:45,DOWN,DOWN,WIN,0.435,64.94252873563218,1984.895803291206
2026-06-04 08:00,DOWN,DOWN,WIN,0.465,57.5268817204301,2042.422685011636
2026-06-04 08:15,DOWN,UP,LOSS,0.435,-50.0,1992.422685011636
2026-06-04 08:30,DOWN,DOWN,WIN,0.485,53.09278350515464,2045.5154685167906
2026-06-04 08:45,DOWN,UP,LOSS,0.495,-50.0,1995.5154685167906
2026-06-04 09:15,DOWN,DOWN,WIN,0.495,51.01010101010101,2046.5255695268916
2026-06-04 09:30,DOWN,UP,LOSS,0.445,-50.0,1996.5255695268916
2026-06-04 09:45,DOWN,UP,LOSS,0.455,-50.0,1946.5255695268916
2026-06-04 10:00,DOWN,DOWN,WIN,0.495,51.01010101010101,1997.5356705369925
2026-06-04 10:15,DOWN,DOWN,WIN,0.505,49.00990099009901,2046.5455715270914
2026-06-04 10:30,DOWN,UP,LOSS,0.445,-50.0,1996.5455715270914
2026-06-04 10:45,DOWN,DOWN,WIN,0.485,53.09278350515464,2049.638355032246
2026-06-04 11:00,DOWN,DOWN,WIN,0.415,70.48192771084338,2120.12028274309
2026-06-04 11:15,DOWN,UP,LOSS,0.435,-50.0,2070.12028274309
2026-06-04 11:30,DOWN,DOWN,WIN,0.505,49.00990099009901,2119.130183733189
2026-06-04 11:45,DOWN,UP,LOSS,0.465,-50.0,2069.130183733189
